[build] CUDA: /usr/local/cuda-12.4
[build] configure -> /home/penta/repos/eobonsai/build/llama-sm86
-- The C compiler identification is GNU 11.4.0
-- The CXX compiler identification is GNU 11.4.0
-- Detecting C compiler ABI info
-- Detecting C compiler ABI info - done
-- Check for working C compiler: /usr/bin/cc - skipped
-- Detecting C compile features
-- Detecting C compile features - done
-- Detecting CXX compiler ABI info
-- Detecting CXX compiler ABI info - done
-- Check for working CXX compiler: /usr/bin/c++ - skipped
-- Detecting CXX compile features
-- Detecting CXX compile features - done
-- llama.cpp version: 0.2.0-dev
CMAKE_BUILD_TYPE=Release
-- Found Git: /usr/bin/git (found version "2.34.1") 
-- The ASM compiler identification is GNU
-- Found assembler: /usr/bin/cc
-- Looking for pthread.h
-- Looking for pthread.h - found
-- Performing Test CMAKE_HAVE_LIBC_PTHREAD
-- Performing Test CMAKE_HAVE_LIBC_PTHREAD - Success
-- Found Threads: TRUE  
-- Warning: ccache not found - consider installing it for faster compilation or disable this warning with GGML_CCACHE=OFF
-- CMAKE_SYSTEM_PROCESSOR: x86_64
-- GGML_SYSTEM_ARCH: x86
-- Found OpenMP_C: -fopenmp (found version "4.5") 
-- Found OpenMP_CXX: -fopenmp (found version "4.5") 
-- Found OpenMP: TRUE (found version "4.5")  
-- Including CPU backend
-- x86 detected
-- Adding CPU backend variant ggml-cpu: -march=native 
-- Found CUDAToolkit: /usr/local/cuda-12.4/include (found version "12.4.131") 
-- CUDA Toolkit found
-- The CUDA compiler identification is NVIDIA 12.4.131
-- Detecting CUDA compiler ABI info
-- Detecting CUDA compiler ABI info - done
-- Check for working CUDA compiler: /usr/local/cuda-12.4/bin/nvcc - skipped
-- Detecting CUDA compile features
-- Detecting CUDA compile features - done
-- Using CMAKE_CUDA_ARCHITECTURES=86 CMAKE_CUDA_ARCHITECTURES_NATIVE=
-- Could NOT find NCCL (missing: NCCL_LIBRARY NCCL_INCLUDE_DIR) 
-- Warning: NCCL not found, performance for multiple CUDA GPUs will be suboptimal
-- CUDA host compiler is GNU 11.4.0
-- Including CUDA backend
-- ggml version: 0.21.0
-- ggml commit:  adfffbe
-- Could NOT find OpenSSL, try to set the path to OpenSSL root folder in the system variable OPENSSL_ROOT_DIR (missing: OPENSSL_CRYPTO_LIBRARY OPENSSL_INCLUDE_DIR) 
CMake Warning at vendor/cpp-httplib/CMakeLists.txt:154 (message):
  OpenSSL not found, HTTPS support disabled


-- Generating embedded license file for target: llama-app
-- Configuring done
-- Generating done
-- Build files have been written to: /home/penta/repos/eobonsai/build/llama-sm86
[build] building (this takes a while)
[  0%] Building CXX object common/CMakeFiles/llama-common-base.dir/build-info.cpp.o
[  0%] Building C object ggml/src/CMakeFiles/ggml-base.dir/ggml.c.o
[  0%] Building CXX object ggml/src/CMakeFiles/ggml-base.dir/ggml.cpp.o
[  1%] Building C object ggml/src/CMakeFiles/ggml-base.dir/ggml-alloc.c.o
[  1%] Building CXX object ggml/src/CMakeFiles/ggml-base.dir/ggml-opt.cpp.o
[  1%] Building CXX object vendor/cpp-httplib/CMakeFiles/cpp-httplib.dir/httplib.cpp.o
[  1%] Building CXX object ggml/src/CMakeFiles/ggml-base.dir/ggml-backend.cpp.o
[  1%] Building CXX object ggml/src/CMakeFiles/ggml-base.dir/ggml-backend-meta.cpp.o
[  1%] Building CXX object ggml/src/CMakeFiles/ggml-base.dir/ggml-threading.cpp.o
[  1%] Linking CXX static library libllama-common-base.a
[  1%] Built target llama-common-base
[  1%] Building C object ggml/src/CMakeFiles/ggml-base.dir/ggml-quants.c.o
[  1%] Building CXX object ggml/src/CMakeFiles/ggml-base.dir/gguf.cpp.o
[  1%] Linking CXX shared library ../../bin/libggml-base.so
[  1%] Built target ggml-base
[  3%] Building C object ggml/src/CMakeFiles/ggml-cpu.dir/ggml-cpu/ggml-cpu.c.o
[  3%] Building CXX object ggml/src/CMakeFiles/ggml-cpu.dir/ggml-cpu/hbm.cpp.o
[  3%] Building CXX object ggml/src/CMakeFiles/ggml-cpu.dir/ggml-cpu/ggml-cpu.cpp.o
[  3%] Building CXX object ggml/src/CMakeFiles/ggml-cpu.dir/ggml-cpu/repack.cpp.o
[  3%] Building C object ggml/src/CMakeFiles/ggml-cpu.dir/ggml-cpu/quants.c.o
[  3%] Building CXX object ggml/src/CMakeFiles/ggml-cpu.dir/ggml-cpu/traits.cpp.o
[  3%] Building CUDA object ggml/src/ggml-cuda/CMakeFiles/ggml-cuda.dir/acc.cu.o
[  3%] Building CUDA object ggml/src/ggml-cuda/CMakeFiles/ggml-cuda.dir/add-id.cu.o
[  3%] Building CUDA object ggml/src/ggml-cuda/CMakeFiles/ggml-cuda.dir/allreduce.cu.o
[  3%] Building CXX object ggml/src/CMakeFiles/ggml-cpu.dir/ggml-cpu/amx/amx.cpp.o
[  3%] Building CUDA object ggml/src/ggml-cuda/CMakeFiles/ggml-cuda.dir/arange.cu.o
[  5%] Building CXX object ggml/src/CMakeFiles/ggml-cpu.dir/ggml-cpu/amx/mmq.cpp.o
[  5%] Building CXX object ggml/src/CMakeFiles/ggml-cpu.dir/ggml-cpu/binary-ops.cpp.o
[  5%] Building CXX object ggml/src/CMakeFiles/ggml-cpu.dir/ggml-cpu/unary-ops.cpp.o
[  5%] Building CXX object ggml/src/CMakeFiles/ggml-cpu.dir/ggml-cpu/vec.cpp.o
[  5%] Building CXX object ggml/src/CMakeFiles/ggml-cpu.dir/ggml-cpu/ops.cpp.o
[  5%] Building CXX object ggml/src/CMakeFiles/ggml-cpu.dir/ggml-cpu/llamafile/sgemm.cpp.o
[  5%] Building CUDA object ggml/src/ggml-cuda/CMakeFiles/ggml-cuda.dir/argmax.cu.o
[  5%] Building CUDA object ggml/src/ggml-cuda/CMakeFiles/ggml-cuda.dir/argsort.cu.o
[  6%] Building CUDA object ggml/src/ggml-cuda/CMakeFiles/ggml-cuda.dir/binbcast.cu.o
[  6%] Building C object ggml/src/CMakeFiles/ggml-cpu.dir/ggml-cpu/arch/x86/quants.c.o
[  6%] Building CUDA object ggml/src/ggml-cuda/CMakeFiles/ggml-cuda.dir/clamp.cu.o
[  6%] Building CUDA object ggml/src/ggml-cuda/CMakeFiles/ggml-cuda.dir/col2im-1d.cu.o
[  6%] Building CUDA object ggml/src/ggml-cuda/CMakeFiles/ggml-cuda.dir/concat.cu.o
[  6%] Building CUDA object ggml/src/ggml-cuda/CMakeFiles/ggml-cuda.dir/conv-transpose-1d.cu.o
[  6%] Building CUDA object ggml/src/ggml-cuda/CMakeFiles/ggml-cuda.dir/conv2d-dw.cu.o
[  6%] Building CUDA object ggml/src/ggml-cuda/CMakeFiles/ggml-cuda.dir/conv2d-transpose.cu.o
[  6%] Building CXX object ggml/src/CMakeFiles/ggml-cpu.dir/ggml-cpu/arch/x86/repack.cpp.o
[  6%] Building CUDA object ggml/src/ggml-cuda/CMakeFiles/ggml-cuda.dir/conv2d.cu.o
[  6%] Linking CXX static library libcpp-httplib.a
[  6%] Built target cpp-httplib
[  8%] Building CUDA object ggml/src/ggml-cuda/CMakeFiles/ggml-cuda.dir/convert.cu.o
[ 10%] Linking CXX shared library ../../bin/libggml-cpu.so
[ 10%] Built target ggml-cpu
[ 10%] Building CUDA object ggml/src/ggml-cuda/CMakeFiles/ggml-cuda.dir/count-equal.cu.o
[ 10%] Building CUDA object ggml/src/ggml-cuda/CMakeFiles/ggml-cuda.dir/cpy.cu.o
[ 10%] Building CUDA object ggml/src/ggml-cuda/CMakeFiles/ggml-cuda.dir/cross-entropy-loss.cu.o
[ 10%] Building CUDA object ggml/src/ggml-cuda/CMakeFiles/ggml-cuda.dir/cumsum.cu.o
[ 10%] Building CUDA object ggml/src/ggml-cuda/CMakeFiles/ggml-cuda.dir/diag.cu.o
[ 10%] Building CUDA object ggml/src/ggml-cuda/CMakeFiles/ggml-cuda.dir/diagmask.cu.o
[ 12%] Building CUDA object ggml/src/ggml-cuda/CMakeFiles/ggml-cuda.dir/dsv4-hc.cu.o
[ 12%] Building CUDA object ggml/src/ggml-cuda/CMakeFiles/ggml-cuda.dir/fattn-tile.cu.o
[ 12%] Building CUDA object ggml/src/ggml-cuda/CMakeFiles/ggml-cuda.dir/fattn.cu.o
[ 12%] Building CUDA object ggml/src/ggml-cuda/CMakeFiles/ggml-cuda.dir/fill.cu.o
[ 12%] Building CUDA object ggml/src/ggml-cuda/CMakeFiles/ggml-cuda.dir/fwht.cu.o
[ 12%] Building CUDA object ggml/src/ggml-cuda/CMakeFiles/ggml-cuda.dir/gated_delta_net.cu.o
[ 12%] Building CUDA object ggml/src/ggml-cuda/CMakeFiles/ggml-cuda.dir/getrows.cu.o
[ 12%] Building CUDA object ggml/src/ggml-cuda/CMakeFiles/ggml-cuda.dir/ggml-cuda.cu.o
[ 13%] Building CUDA object ggml/src/ggml-cuda/CMakeFiles/ggml-cuda.dir/gla.cu.o
[ 13%] Building CUDA object ggml/src/ggml-cuda/CMakeFiles/ggml-cuda.dir/im2col.cu.o
[ 13%] Building CUDA object ggml/src/ggml-cuda/CMakeFiles/ggml-cuda.dir/lightning-indexer.cu.o
[ 13%] Building CUDA object ggml/src/ggml-cuda/CMakeFiles/ggml-cuda.dir/mean.cu.o
[ 13%] Building CUDA object ggml/src/ggml-cuda/CMakeFiles/ggml-cuda.dir/mmf.cu.o
[ 13%] Building CUDA object ggml/src/ggml-cuda/CMakeFiles/ggml-cuda.dir/mmid.cu.o
[ 13%] Building CUDA object ggml/src/ggml-cuda/CMakeFiles/ggml-cuda.dir/mmq-hopper-q1.cu.o
In static member function ‘static _Tp* std::__copy_move<_IsMove, true, std::random_access_iterator_tag>::__copy_m(const _Tp*, const _Tp*, _Tp*) [with _Tp = ggml_op; bool _IsMove = false]’,
    inlined from ‘_OI std::__copy_move_a2(_II, _II, _OI) [with bool _IsMove = false; _II = const ggml_op*; _OI = ggml_op*]’ at /usr/include/c++/11/bits/stl_algobase.h:494:141,
    inlined from ‘_OI std::__copy_move_a1(_II, _II, _OI) [with bool _IsMove = false; _II = const ggml_op*; _OI = ggml_op*]’ at /usr/include/c++/11/bits/stl_algobase.h:522:40,
    inlined from ‘_OI std::__copy_move_a(_II, _II, _OI) [with bool _IsMove = false; _II = const ggml_op*; _OI = ggml_op*]’ at /usr/include/c++/11/bits/stl_algobase.h:529:25,
    inlined from ‘_OI std::copy(_II, _II, _OI) [with _II = const ggml_op*; _OI = ggml_op*]’ at /usr/include/c++/11/bits/stl_algobase.h:619:64,
    inlined from ‘static _ForwardIterator std::__uninitialized_copy<true>::__uninit_copy(_InputIterator, _InputIterator, _ForwardIterator) [with _InputIterator = const ggml_op*; _ForwardIterator = ggml_op*]’ at /usr/include/c++/11/bits/stl_uninitialized.h:110:19,
    inlined from ‘_ForwardIterator std::uninitialized_copy(_InputIterator, _InputIterator, _ForwardIterator) [with _InputIterator = const ggml_op*; _ForwardIterator = ggml_op*]’ at /usr/include/c++/11/bits/stl_uninitialized.h:148:131,
    inlined from ‘_ForwardIterator std::__uninitialized_copy_a(_InputIterator, _InputIterator, _ForwardIterator, std::allocator<_Tp>&) [with _InputIterator = const ggml_op*; _ForwardIterator = ggml_op*; _Tp = ggml_op]’ at /usr/include/c++/11/bits/stl_uninitialized.h:333:33,
    inlined from ‘void std::vector<_Tp, _Alloc>::_M_range_insert(std::vector<_Tp, _Alloc>::iterator, _ForwardIterator, _ForwardIterator, std::forward_iterator_tag) [with _ForwardIterator = const ggml_op*; _Tp = ggml_op; _Alloc = std::allocator<ggml_op>]’ at /usr/include/c++/11/bits/vector.tcc:751:28,
    inlined from ‘std::vector<_Tp, _Alloc>::iterator std::vector<_Tp, _Alloc>::insert(std::vector<_Tp, _Alloc>::const_iterator, std::initializer_list<_Tp>) [with _Tp = ggml_op; _Alloc = std::allocator<ggml_op>]’ at /usr/include/c++/11/bits/stl_vector.h:1313:16,
    inlined from ‘int ggml_cuda_try_fuse(ggml_backend_cuda_context*, ggml_cgraph*, int)’ at /home/penta/repos/eobonsai/third_party/llama.cpp/ggml/src/ggml-cuda/ggml-cuda.cu:3441:11:
/usr/include/c++/11/bits/stl_algobase.h:431:25: warning: ‘void* __builtin_memcpy(void*, const void*, long unsigned int)’ writing 20 bytes into a region of size 4 overflows the destination [-Wstringop-overflow=]
  431 |             __builtin_memmove(__result, __first, sizeof(_Tp) * _Num);
      |             ~~~~~~~~~~~~^~~~~~~~~~~~~~~~~~~~~~~~~~~~~~~~~~~~~~~
/usr/include/c++/11/ext/new_allocator.h: In function ‘int ggml_cuda_try_fuse(ggml_backend_cuda_context*, ggml_cgraph*, int)’:
/usr/include/c++/11/ext/new_allocator.h:127:49: note: at offset [24, 28] into destination object of size [24, 28] allocated by ‘operator new’
  127 |         return static_cast<_Tp*>(::operator new(__n * sizeof(_Tp)));
      |                                   ~~~~~~~~~~~~~~^~~~~~~~~~~~~~~~~~~
/usr/include/c++/11/ext/new_allocator.h:127:49: note: at offset [20, 24] into destination object of size [20, 24] allocated by ‘operator new’
  127 |         return static_cast<_Tp*>(::operator new(__n * sizeof(_Tp)));
      |                                   ~~~~~~~~~~~~~~^~~~~~~~~~~~~~~~~~~
[ 15%] Building CUDA object ggml/src/ggml-cuda/CMakeFiles/ggml-cuda.dir/mmq.cu.o
[ 15%] Building CUDA object ggml/src/ggml-cuda/CMakeFiles/ggml-cuda.dir/mmvf.cu.o
[ 15%] Building CUDA object ggml/src/ggml-cuda/CMakeFiles/ggml-cuda.dir/mmvq.cu.o
[ 15%] Building CUDA object ggml/src/ggml-cuda/CMakeFiles/ggml-cuda.dir/norm.cu.o
[ 15%] Building CUDA object ggml/src/ggml-cuda/CMakeFiles/ggml-cuda.dir/opt-step-adamw.cu.o
[ 15%] Building CUDA object ggml/src/ggml-cuda/CMakeFiles/ggml-cuda.dir/opt-step-sgd.cu.o
[ 15%] Building CUDA object ggml/src/ggml-cuda/CMakeFiles/ggml-cuda.dir/out-prod.cu.o
[ 15%] Building CUDA object ggml/src/ggml-cuda/CMakeFiles/ggml-cuda.dir/pad.cu.o
[ 17%] Building CUDA object ggml/src/ggml-cuda/CMakeFiles/ggml-cuda.dir/pad_reflect_1d.cu.o
[ 17%] Building CUDA object ggml/src/ggml-cuda/CMakeFiles/ggml-cuda.dir/pool1d.cu.o
[ 17%] Building CUDA object ggml/src/ggml-cuda/CMakeFiles/ggml-cuda.dir/pool2d.cu.o
[ 17%] Building CUDA object ggml/src/ggml-cuda/CMakeFiles/ggml-cuda.dir/quantize.cu.o
[ 17%] Building CUDA object ggml/src/ggml-cuda/CMakeFiles/ggml-cuda.dir/roll.cu.o
[ 17%] Building CUDA object ggml/src/ggml-cuda/CMakeFiles/ggml-cuda.dir/rope.cu.o
[ 17%] Building CUDA object ggml/src/ggml-cuda/CMakeFiles/ggml-cuda.dir/scale.cu.o
[ 18%] Building CUDA object ggml/src/ggml-cuda/CMakeFiles/ggml-cuda.dir/set-rows.cu.o
[ 18%] Building CUDA object ggml/src/ggml-cuda/CMakeFiles/ggml-cuda.dir/set.cu.o
[ 18%] Building CUDA object ggml/src/ggml-cuda/CMakeFiles/ggml-cuda.dir/snake.cu.o
[ 18%] Building CUDA object ggml/src/ggml-cuda/CMakeFiles/ggml-cuda.dir/softcap.cu.o
[ 18%] Building CUDA object ggml/src/ggml-cuda/CMakeFiles/ggml-cuda.dir/softmax.cu.o
[ 18%] Building CUDA object ggml/src/ggml-cuda/CMakeFiles/ggml-cuda.dir/solve_tri.cu.o
[ 18%] Building CUDA object ggml/src/ggml-cuda/CMakeFiles/ggml-cuda.dir/ssm-conv.cu.o
[ 18%] Building CUDA object ggml/src/ggml-cuda/CMakeFiles/ggml-cuda.dir/ssm-scan.cu.o
[ 20%] Building CUDA object ggml/src/ggml-cuda/CMakeFiles/ggml-cuda.dir/sum.cu.o
[ 20%] Building CUDA object ggml/src/ggml-cuda/CMakeFiles/ggml-cuda.dir/sumrows.cu.o
[ 20%] Building CUDA object ggml/src/ggml-cuda/CMakeFiles/ggml-cuda.dir/top-k.cu.o
[ 20%] Building CUDA object ggml/src/ggml-cuda/CMakeFiles/ggml-cuda.dir/topk-moe.cu.o
[ 20%] Building CUDA object ggml/src/ggml-cuda/CMakeFiles/ggml-cuda.dir/tri.cu.o
[ 20%] Building CUDA object ggml/src/ggml-cuda/CMakeFiles/ggml-cuda.dir/tsembd.cu.o
[ 20%] Building CUDA object ggml/src/ggml-cuda/CMakeFiles/ggml-cuda.dir/unary.cu.o
[ 22%] Building CUDA object ggml/src/ggml-cuda/CMakeFiles/ggml-cuda.dir/upscale.cu.o
[ 22%] Building CUDA object ggml/src/ggml-cuda/CMakeFiles/ggml-cuda.dir/wkv.cu.o
[ 22%] Building CUDA object ggml/src/ggml-cuda/CMakeFiles/ggml-cuda.dir/template-instances/fattn-tile-instance-dkq112-dv112.cu.o
[ 22%] Building CUDA object ggml/src/ggml-cuda/CMakeFiles/ggml-cuda.dir/template-instances/fattn-tile-instance-dkq128-dv128.cu.o
[ 22%] Building CUDA object ggml/src/ggml-cuda/CMakeFiles/ggml-cuda.dir/template-instances/fattn-tile-instance-dkq192-dv128.cu.o
[ 22%] Building CUDA object ggml/src/ggml-cuda/CMakeFiles/ggml-cuda.dir/template-instances/fattn-tile-instance-dkq256-dv256.cu.o
[ 22%] Building CUDA object ggml/src/ggml-cuda/CMakeFiles/ggml-cuda.dir/template-instances/fattn-tile-instance-dkq320-dv256.cu.o
[ 22%] Building CUDA object ggml/src/ggml-cuda/CMakeFiles/ggml-cuda.dir/template-instances/fattn-tile-instance-dkq40-dv40.cu.o
[ 24%] Building CUDA object ggml/src/ggml-cuda/CMakeFiles/ggml-cuda.dir/template-instances/fattn-tile-instance-dkq512-dv512.cu.o
[ 24%] Building CUDA object ggml/src/ggml-cuda/CMakeFiles/ggml-cuda.dir/template-instances/fattn-tile-instance-dkq576-dv512.cu.o
[ 24%] Building CUDA object ggml/src/ggml-cuda/CMakeFiles/ggml-cuda.dir/template-instances/fattn-tile-instance-dkq64-dv64.cu.o
[ 24%] Building CUDA object ggml/src/ggml-cuda/CMakeFiles/ggml-cuda.dir/template-instances/fattn-tile-instance-dkq72-dv72.cu.o
[ 24%] Building CUDA object ggml/src/ggml-cuda/CMakeFiles/ggml-cuda.dir/template-instances/fattn-tile-instance-dkq80-dv80.cu.o
[ 24%] Building CUDA object ggml/src/ggml-cuda/CMakeFiles/ggml-cuda.dir/template-instances/fattn-tile-instance-dkq96-dv96.cu.o
[ 24%] Building CUDA object ggml/src/ggml-cuda/CMakeFiles/ggml-cuda.dir/template-instances/fattn-mma-f16-instance-ncols1_1-ncols2_16.cu.o
[ 25%] Building CUDA object ggml/src/ggml-cuda/CMakeFiles/ggml-cuda.dir/template-instances/fattn-mma-f16-instance-ncols1_1-ncols2_32.cu.o
[ 25%] Building CUDA object ggml/src/ggml-cuda/CMakeFiles/ggml-cuda.dir/template-instances/fattn-mma-f16-instance-ncols1_1-ncols2_8.cu.o
[ 25%] Building CUDA object ggml/src/ggml-cuda/CMakeFiles/ggml-cuda.dir/template-instances/fattn-mma-f16-instance-ncols1_16-ncols2_1.cu.o
[ 25%] Building CUDA object ggml/src/ggml-cuda/CMakeFiles/ggml-cuda.dir/template-instances/fattn-mma-f16-instance-ncols1_16-ncols2_2.cu.o
[ 25%] Building CUDA object ggml/src/ggml-cuda/CMakeFiles/ggml-cuda.dir/template-instances/fattn-mma-f16-instance-ncols1_16-ncols2_4.cu.o
[ 25%] Building CUDA object ggml/src/ggml-cuda/CMakeFiles/ggml-cuda.dir/template-instances/fattn-mma-f16-instance-ncols1_2-ncols2_16.cu.o
[ 25%] Building CUDA object ggml/src/ggml-cuda/CMakeFiles/ggml-cuda.dir/template-instances/fattn-mma-f16-instance-ncols1_2-ncols2_32.cu.o
[ 25%] Building CUDA object ggml/src/ggml-cuda/CMakeFiles/ggml-cuda.dir/template-instances/fattn-mma-f16-instance-ncols1_2-ncols2_4.cu.o
[ 27%] Building CUDA object ggml/src/ggml-cuda/CMakeFiles/ggml-cuda.dir/template-instances/fattn-mma-f16-instance-ncols1_2-ncols2_8.cu.o
[ 27%] Building CUDA object ggml/src/ggml-cuda/CMakeFiles/ggml-cuda.dir/template-instances/fattn-mma-f16-instance-ncols1_32-ncols2_1.cu.o
[ 27%] Building CUDA object ggml/src/ggml-cuda/CMakeFiles/ggml-cuda.dir/template-instances/fattn-mma-f16-instance-ncols1_32-ncols2_2.cu.o
[ 27%] Building CUDA object ggml/src/ggml-cuda/CMakeFiles/ggml-cuda.dir/template-instances/fattn-mma-f16-instance-ncols1_4-ncols2_16.cu.o
[ 27%] Building CUDA object ggml/src/ggml-cuda/CMakeFiles/ggml-cuda.dir/template-instances/fattn-mma-f16-instance-ncols1_4-ncols2_2.cu.o
[ 27%] Building CUDA object ggml/src/ggml-cuda/CMakeFiles/ggml-cuda.dir/template-instances/fattn-mma-f16-instance-ncols1_4-ncols2_4.cu.o
[ 27%] Building CUDA object ggml/src/ggml-cuda/CMakeFiles/ggml-cuda.dir/template-instances/fattn-mma-f16-instance-ncols1_4-ncols2_8.cu.o
[ 29%] Building CUDA object ggml/src/ggml-cuda/CMakeFiles/ggml-cuda.dir/template-instances/fattn-mma-f16-instance-ncols1_64-ncols2_1.cu.o
[ 29%] Building CUDA object ggml/src/ggml-cuda/CMakeFiles/ggml-cuda.dir/template-instances/fattn-mma-f16-instance-ncols1_8-ncols2_1.cu.o
[ 29%] Building CUDA object ggml/src/ggml-cuda/CMakeFiles/ggml-cuda.dir/template-instances/fattn-mma-f16-instance-ncols1_8-ncols2_2.cu.o
[ 29%] Building CUDA object ggml/src/ggml-cuda/CMakeFiles/ggml-cuda.dir/template-instances/fattn-mma-f16-instance-ncols1_8-ncols2_4.cu.o
[ 29%] Building CUDA object ggml/src/ggml-cuda/CMakeFiles/ggml-cuda.dir/template-instances/fattn-mma-f16-instance-ncols1_8-ncols2_8.cu.o
[ 29%] Building CUDA object ggml/src/ggml-cuda/CMakeFiles/ggml-cuda.dir/template-instances/mmq-instance-iq1_s.cu.o
/home/penta/repos/eobonsai/third_party/llama.cpp/ggml/src/ggml-cuda/template-instances/../mmq.cuh(937): warning #177-D: variable "tile_y_next" was declared but never referenced
      int * tile_y_next = tile_y + tile_y_stride;
            ^
          detected during:
            instantiation of "void mul_mat_q<type,J,fallback>(const char *, const int *, const int32_t *, const int32_t *, float *, float *, const float *, uint3, int, int, int, int, int, uint3, uint3, int, int, int, uint3, uint3, int, int, int, uint3) [with type=GGML_TYPE_IQ1_S, J=8, fallback=false]" at line 1511
            instantiation of "void launch_mul_mat_q<type,J,fallback>(ggml_backend_cuda_context &, const mmq_args &, cudaStream_t) [with type=GGML_TYPE_IQ1_S, J=8, fallback=false]" at line 1608
            instantiation of "void mul_mat_q_switch_J<type,fallback>(ggml_backend_cuda_context &, const mmq_args &, cudaStream_t) [with type=GGML_TYPE_IQ1_S, fallback=false]" at line 1666
            instantiation of "void mul_mat_q_case<type>(ggml_backend_cuda_context &, const mmq_args &, cudaStream_t) [with type=GGML_TYPE_IQ1_S]" at line 5 of /home/penta/repos/eobonsai/third_party/llama.cpp/ggml/src/ggml-cuda/template-instances/mmq-instance-iq1_s.cu

Remark: The warnings can be suppressed with "-diag-suppress <warning-number>"

[ 29%] Building CUDA object ggml/src/ggml-cuda/CMakeFiles/ggml-cuda.dir/template-instances/mmq-instance-iq2_s.cu.o
/home/penta/repos/eobonsai/third_party/llama.cpp/ggml/src/ggml-cuda/template-instances/../mmq.cuh(937): warning #177-D: variable "tile_y_next" was declared but never referenced
      int * tile_y_next = tile_y + tile_y_stride;
            ^
          detected during:
            instantiation of "void mul_mat_q<type,J,fallback>(const char *, const int *, const int32_t *, const int32_t *, float *, float *, const float *, uint3, int, int, int, int, int, uint3, uint3, int, int, int, uint3, uint3, int, int, int, uint3) [with type=GGML_TYPE_IQ2_S, J=8, fallback=false]" at line 1511
            instantiation of "void launch_mul_mat_q<type,J,fallback>(ggml_backend_cuda_context &, const mmq_args &, cudaStream_t) [with type=GGML_TYPE_IQ2_S, J=8, fallback=false]" at line 1608
            instantiation of "void mul_mat_q_switch_J<type,fallback>(ggml_backend_cuda_context &, const mmq_args &, cudaStream_t) [with type=GGML_TYPE_IQ2_S, fallback=false]" at line 1666
            instantiation of "void mul_mat_q_case<type>(ggml_backend_cuda_context &, const mmq_args &, cudaStream_t) [with type=GGML_TYPE_IQ2_S]" at line 5 of /home/penta/repos/eobonsai/third_party/llama.cpp/ggml/src/ggml-cuda/template-instances/mmq-instance-iq2_s.cu

Remark: The warnings can be suppressed with "-diag-suppress <warning-number>"

[ 29%] Building CUDA object ggml/src/ggml-cuda/CMakeFiles/ggml-cuda.dir/template-instances/mmq-instance-iq2_xs.cu.o
[ 31%] Building CUDA object ggml/src/ggml-cuda/CMakeFiles/ggml-cuda.dir/template-instances/mmq-instance-iq2_xxs.cu.o
/home/penta/repos/eobonsai/third_party/llama.cpp/ggml/src/ggml-cuda/template-instances/../mmq.cuh(937): warning #177-D: variable "tile_y_next" was declared but never referenced
      int * tile_y_next = tile_y + tile_y_stride;
            ^
          detected during:
            instantiation of "void mul_mat_q<type,J,fallback>(const char *, const int *, const int32_t *, const int32_t *, float *, float *, const float *, uint3, int, int, int, int, int, uint3, uint3, int, int, int, uint3, uint3, int, int, int, uint3) [with type=GGML_TYPE_IQ2_XS, J=8, fallback=false]" at line 1511
            instantiation of "void launch_mul_mat_q<type,J,fallback>(ggml_backend_cuda_context &, const mmq_args &, cudaStream_t) [with type=GGML_TYPE_IQ2_XS, J=8, fallback=false]" at line 1608
            instantiation of "void mul_mat_q_switch_J<type,fallback>(ggml_backend_cuda_context &, const mmq_args &, cudaStream_t) [with type=GGML_TYPE_IQ2_XS, fallback=false]" at line 1666
            instantiation of "void mul_mat_q_case<type>(ggml_backend_cuda_context &, const mmq_args &, cudaStream_t) [with type=GGML_TYPE_IQ2_XS]" at line 5 of /home/penta/repos/eobonsai/third_party/llama.cpp/ggml/src/ggml-cuda/template-instances/mmq-instance-iq2_xs.cu

Remark: The warnings can be suppressed with "-diag-suppress <warning-number>"

/home/penta/repos/eobonsai/third_party/llama.cpp/ggml/src/ggml-cuda/template-instances/../mmq.cuh(937): warning #177-D: variable "tile_y_next" was declared but never referenced
      int * tile_y_next = tile_y + tile_y_stride;
            ^
          detected during:
            instantiation of "void mul_mat_q<type,J,fallback>(const char *, const int *, const int32_t *, const int32_t *, float *, float *, const float *, uint3, int, int, int, int, int, uint3, uint3, int, int, int, uint3, uint3, int, int, int, uint3) [with type=GGML_TYPE_IQ2_XXS, J=8, fallback=false]" at line 1511
            instantiation of "void launch_mul_mat_q<type,J,fallback>(ggml_backend_cuda_context &, const mmq_args &, cudaStream_t) [with type=GGML_TYPE_IQ2_XXS, J=8, fallback=false]" at line 1608
            instantiation of "void mul_mat_q_switch_J<type,fallback>(ggml_backend_cuda_context &, const mmq_args &, cudaStream_t) [with type=GGML_TYPE_IQ2_XXS, fallback=false]" at line 1666
            instantiation of "void mul_mat_q_case<type>(ggml_backend_cuda_context &, const mmq_args &, cudaStream_t) [with type=GGML_TYPE_IQ2_XXS]" at line 5 of /home/penta/repos/eobonsai/third_party/llama.cpp/ggml/src/ggml-cuda/template-instances/mmq-instance-iq2_xxs.cu

Remark: The warnings can be suppressed with "-diag-suppress <warning-number>"

[ 31%] Building CUDA object ggml/src/ggml-cuda/CMakeFiles/ggml-cuda.dir/template-instances/mmq-instance-iq3_s.cu.o
[ 31%] Building CUDA object ggml/src/ggml-cuda/CMakeFiles/ggml-cuda.dir/template-instances/mmq-instance-iq3_xxs.cu.o
/home/penta/repos/eobonsai/third_party/llama.cpp/ggml/src/ggml-cuda/template-instances/../mmq.cuh(937): warning #177-D: variable "tile_y_next" was declared but never referenced
      int * tile_y_next = tile_y + tile_y_stride;
            ^
          detected during:
            instantiation of "void mul_mat_q<type,J,fallback>(const char *, const int *, const int32_t *, const int32_t *, float *, float *, const float *, uint3, int, int, int, int, int, uint3, uint3, int, int, int, uint3, uint3, int, int, int, uint3) [with type=GGML_TYPE_IQ3_S, J=8, fallback=false]" at line 1511
            instantiation of "void launch_mul_mat_q<type,J,fallback>(ggml_backend_cuda_context &, const mmq_args &, cudaStream_t) [with type=GGML_TYPE_IQ3_S, J=8, fallback=false]" at line 1608
            instantiation of "void mul_mat_q_switch_J<type,fallback>(ggml_backend_cuda_context &, const mmq_args &, cudaStream_t) [with type=GGML_TYPE_IQ3_S, fallback=false]" at line 1666
            instantiation of "void mul_mat_q_case<type>(ggml_backend_cuda_context &, const mmq_args &, cudaStream_t) [with type=GGML_TYPE_IQ3_S]" at line 5 of /home/penta/repos/eobonsai/third_party/llama.cpp/ggml/src/ggml-cuda/template-instances/mmq-instance-iq3_s.cu

Remark: The warnings can be suppressed with "-diag-suppress <warning-number>"

/home/penta/repos/eobonsai/third_party/llama.cpp/ggml/src/ggml-cuda/template-instances/../mmq.cuh(937): warning #177-D: variable "tile_y_next" was declared but never referenced
      int * tile_y_next = tile_y + tile_y_stride;
            ^
          detected during:
            instantiation of "void mul_mat_q<type,J,fallback>(const char *, const int *, const int32_t *, const int32_t *, float *, float *, const float *, uint3, int, int, int, int, int, uint3, uint3, int, int, int, uint3, uint3, int, int, int, uint3) [with type=GGML_TYPE_IQ3_XXS, J=8, fallback=false]" at line 1511
            instantiation of "void launch_mul_mat_q<type,J,fallback>(ggml_backend_cuda_context &, const mmq_args &, cudaStream_t) [with type=GGML_TYPE_IQ3_XXS, J=8, fallback=false]" at line 1608
            instantiation of "void mul_mat_q_switch_J<type,fallback>(ggml_backend_cuda_context &, const mmq_args &, cudaStream_t) [with type=GGML_TYPE_IQ3_XXS, fallback=false]" at line 1666
            instantiation of "void mul_mat_q_case<type>(ggml_backend_cuda_context &, const mmq_args &, cudaStream_t) [with type=GGML_TYPE_IQ3_XXS]" at line 5 of /home/penta/repos/eobonsai/third_party/llama.cpp/ggml/src/ggml-cuda/template-instances/mmq-instance-iq3_xxs.cu

Remark: The warnings can be suppressed with "-diag-suppress <warning-number>"

[ 31%] Building CUDA object ggml/src/ggml-cuda/CMakeFiles/ggml-cuda.dir/template-instances/mmq-instance-iq4_nl.cu.o
[ 31%] Building CUDA object ggml/src/ggml-cuda/CMakeFiles/ggml-cuda.dir/template-instances/mmq-instance-iq4_xs.cu.o
/home/penta/repos/eobonsai/third_party/llama.cpp/ggml/src/ggml-cuda/template-instances/../mmq.cuh(937): warning #177-D: variable "tile_y_next" was declared but never referenced
      int * tile_y_next = tile_y + tile_y_stride;
            ^
          detected during:
            instantiation of "void mul_mat_q<type,J,fallback>(const char *, const int *, const int32_t *, const int32_t *, float *, float *, const float *, uint3, int, int, int, int, int, uint3, uint3, int, int, int, uint3, uint3, int, int, int, uint3) [with type=GGML_TYPE_IQ4_NL, J=8, fallback=false]" at line 1511
            instantiation of "void launch_mul_mat_q<type,J,fallback>(ggml_backend_cuda_context &, const mmq_args &, cudaStream_t) [with type=GGML_TYPE_IQ4_NL, J=8, fallback=false]" at line 1608
            instantiation of "void mul_mat_q_switch_J<type,fallback>(ggml_backend_cuda_context &, const mmq_args &, cudaStream_t) [with type=GGML_TYPE_IQ4_NL, fallback=false]" at line 1666
            instantiation of "void mul_mat_q_case<type>(ggml_backend_cuda_context &, const mmq_args &, cudaStream_t) [with type=GGML_TYPE_IQ4_NL]" at line 5 of /home/penta/repos/eobonsai/third_party/llama.cpp/ggml/src/ggml-cuda/template-instances/mmq-instance-iq4_nl.cu

Remark: The warnings can be suppressed with "-diag-suppress <warning-number>"

[ 31%] Building CUDA object ggml/src/ggml-cuda/CMakeFiles/ggml-cuda.dir/template-instances/mmq-instance-mxfp4.cu.o
/home/penta/repos/eobonsai/third_party/llama.cpp/ggml/src/ggml-cuda/template-instances/../mmq.cuh(937): warning #177-D: variable "tile_y_next" was declared but never referenced
      int * tile_y_next = tile_y + tile_y_stride;
            ^
          detected during:
            instantiation of "void mul_mat_q<type,J,fallback>(const char *, const int *, const int32_t *, const int32_t *, float *, float *, const float *, uint3, int, int, int, int, int, uint3, uint3, int, int, int, uint3, uint3, int, int, int, uint3) [with type=GGML_TYPE_IQ4_XS, J=8, fallback=false]" at line 1511
            instantiation of "void launch_mul_mat_q<type,J,fallback>(ggml_backend_cuda_context &, const mmq_args &, cudaStream_t) [with type=GGML_TYPE_IQ4_XS, J=8, fallback=false]" at line 1608
            instantiation of "void mul_mat_q_switch_J<type,fallback>(ggml_backend_cuda_context &, const mmq_args &, cudaStream_t) [with type=GGML_TYPE_IQ4_XS, fallback=false]" at line 1666
            instantiation of "void mul_mat_q_case<type>(ggml_backend_cuda_context &, const mmq_args &, cudaStream_t) [with type=GGML_TYPE_IQ4_XS]" at line 5 of /home/penta/repos/eobonsai/third_party/llama.cpp/ggml/src/ggml-cuda/template-instances/mmq-instance-iq4_xs.cu

Remark: The warnings can be suppressed with "-diag-suppress <warning-number>"

/home/penta/repos/eobonsai/third_party/llama.cpp/ggml/src/ggml-cuda/template-instances/../mmq.cuh(937): warning #177-D: variable "tile_y_next" was declared but never referenced
      int * tile_y_next = tile_y + tile_y_stride;
            ^
          detected during:
            instantiation of "void mul_mat_q<type,J,fallback>(const char *, const int *, const int32_t *, const int32_t *, float *, float *, const float *, uint3, int, int, int, int, int, uint3, uint3, int, int, int, uint3, uint3, int, int, int, uint3) [with type=GGML_TYPE_MXFP4, J=8, fallback=false]" at line 1511
            instantiation of "void launch_mul_mat_q<type,J,fallback>(ggml_backend_cuda_context &, const mmq_args &, cudaStream_t) [with type=GGML_TYPE_MXFP4, J=8, fallback=false]" at line 1608
            instantiation of "void mul_mat_q_switch_J<type,fallback>(ggml_backend_cuda_context &, const mmq_args &, cudaStream_t) [with type=GGML_TYPE_MXFP4, fallback=false]" at line 1666
            instantiation of "void mul_mat_q_case<type>(ggml_backend_cuda_context &, const mmq_args &, cudaStream_t) [with type=GGML_TYPE_MXFP4]" at line 5 of /home/penta/repos/eobonsai/third_party/llama.cpp/ggml/src/ggml-cuda/template-instances/mmq-instance-mxfp4.cu

Remark: The warnings can be suppressed with "-diag-suppress <warning-number>"

[ 31%] Building CUDA object ggml/src/ggml-cuda/CMakeFiles/ggml-cuda.dir/template-instances/mmq-instance-nvfp4.cu.o
[ 32%] Building CUDA object ggml/src/ggml-cuda/CMakeFiles/ggml-cuda.dir/template-instances/mmq-instance-pq2_0.cu.o
/home/penta/repos/eobonsai/third_party/llama.cpp/ggml/src/ggml-cuda/template-instances/../mmq.cuh(937): warning #177-D: variable "tile_y_next" was declared but never referenced
      int * tile_y_next = tile_y + tile_y_stride;
            ^
          detected during:
            instantiation of "void mul_mat_q<type,J,fallback>(const char *, const int *, const int32_t *, const int32_t *, float *, float *, const float *, uint3, int, int, int, int, int, uint3, uint3, int, int, int, uint3, uint3, int, int, int, uint3) [with type=GGML_TYPE_NVFP4, J=8, fallback=false]" at line 1511
            instantiation of "void launch_mul_mat_q<type,J,fallback>(ggml_backend_cuda_context &, const mmq_args &, cudaStream_t) [with type=GGML_TYPE_NVFP4, J=8, fallback=false]" at line 1608
            instantiation of "void mul_mat_q_switch_J<type,fallback>(ggml_backend_cuda_context &, const mmq_args &, cudaStream_t) [with type=GGML_TYPE_NVFP4, fallback=false]" at line 1666
            instantiation of "void mul_mat_q_case<type>(ggml_backend_cuda_context &, const mmq_args &, cudaStream_t) [with type=GGML_TYPE_NVFP4]" at line 5 of /home/penta/repos/eobonsai/third_party/llama.cpp/ggml/src/ggml-cuda/template-instances/mmq-instance-nvfp4.cu

Remark: The warnings can be suppressed with "-diag-suppress <warning-number>"

[ 32%] Building CUDA object ggml/src/ggml-cuda/CMakeFiles/ggml-cuda.dir/template-instances/mmq-instance-ptq1_0.cu.o
/home/penta/repos/eobonsai/third_party/llama.cpp/ggml/src/ggml-cuda/template-instances/../mmq.cuh(937): warning #177-D: variable "tile_y_next" was declared but never referenced
      int * tile_y_next = tile_y + tile_y_stride;
            ^
          detected during:
            instantiation of "void mul_mat_q<type,J,fallback>(const char *, const int *, const int32_t *, const int32_t *, float *, float *, const float *, uint3, int, int, int, int, int, uint3, uint3, int, int, int, uint3, uint3, int, int, int, uint3) [with type=GGML_TYPE_PQ2_0, J=8, fallback=false]" at line 1511
            instantiation of "void launch_mul_mat_q<type,J,fallback>(ggml_backend_cuda_context &, const mmq_args &, cudaStream_t) [with type=GGML_TYPE_PQ2_0, J=8, fallback=false]" at line 1608
            instantiation of "void mul_mat_q_switch_J<type,fallback>(ggml_backend_cuda_context &, const mmq_args &, cudaStream_t) [with type=GGML_TYPE_PQ2_0, fallback=false]" at line 1666
            instantiation of "void mul_mat_q_case<type>(ggml_backend_cuda_context &, const mmq_args &, cudaStream_t) [with type=GGML_TYPE_PQ2_0]" at line 5 of /home/penta/repos/eobonsai/third_party/llama.cpp/ggml/src/ggml-cuda/template-instances/mmq-instance-pq2_0.cu

Remark: The warnings can be suppressed with "-diag-suppress <warning-number>"

/home/penta/repos/eobonsai/third_party/llama.cpp/ggml/src/ggml-cuda/template-instances/../mmq.cuh(937): warning #177-D: variable "tile_y_next" was declared but never referenced
      int * tile_y_next = tile_y + tile_y_stride;
            ^
          detected during:
            instantiation of "void mul_mat_q<type,J,fallback>(const char *, const int *, const int32_t *, const int32_t *, float *, float *, const float *, uint3, int, int, int, int, int, uint3, uint3, int, int, int, uint3, uint3, int, int, int, uint3) [with type=GGML_TYPE_PTQ1_0, J=8, fallback=false]" at line 1511
            instantiation of "void launch_mul_mat_q<type,J,fallback>(ggml_backend_cuda_context &, const mmq_args &, cudaStream_t) [with type=GGML_TYPE_PTQ1_0, J=8, fallback=false]" at line 1608
            instantiation of "void mul_mat_q_switch_J<type,fallback>(ggml_backend_cuda_context &, const mmq_args &, cudaStream_t) [with type=GGML_TYPE_PTQ1_0, fallback=false]" at line 1666
            instantiation of "void mul_mat_q_case<type>(ggml_backend_cuda_context &, const mmq_args &, cudaStream_t) [with type=GGML_TYPE_PTQ1_0]" at line 6 of /home/penta/repos/eobonsai/third_party/llama.cpp/ggml/src/ggml-cuda/template-instances/mmq-instance-ptq1_0.cu

Remark: The warnings can be suppressed with "-diag-suppress <warning-number>"

[ 32%] Building CUDA object ggml/src/ggml-cuda/CMakeFiles/ggml-cuda.dir/template-instances/mmq-instance-q1_0.cu.o
[ 32%] Building CUDA object ggml/src/ggml-cuda/CMakeFiles/ggml-cuda.dir/template-instances/mmq-instance-q2_0.cu.o
/home/penta/repos/eobonsai/third_party/llama.cpp/ggml/src/ggml-cuda/template-instances/../mmq.cuh(937): warning #177-D: variable "tile_y_next" was declared but never referenced
      int * tile_y_next = tile_y + tile_y_stride;
            ^
          detected during:
            instantiation of "void mul_mat_q<type,J,fallback>(const char *, const int *, const int32_t *, const int32_t *, float *, float *, const float *, uint3, int, int, int, int, int, uint3, uint3, int, int, int, uint3, uint3, int, int, int, uint3) [with type=GGML_TYPE_Q1_0, J=8, fallback=false]" at line 1511
            instantiation of "void launch_mul_mat_q<type,J,fallback>(ggml_backend_cuda_context &, const mmq_args &, cudaStream_t) [with type=GGML_TYPE_Q1_0, J=8, fallback=false]" at line 1608
            instantiation of "void mul_mat_q_switch_J<type,fallback>(ggml_backend_cuda_context &, const mmq_args &, cudaStream_t) [with type=GGML_TYPE_Q1_0, fallback=false]" at line 1666
            instantiation of "void mul_mat_q_case<type>(ggml_backend_cuda_context &, const mmq_args &, cudaStream_t) [with type=GGML_TYPE_Q1_0]" at line 5 of /home/penta/repos/eobonsai/third_party/llama.cpp/ggml/src/ggml-cuda/template-instances/mmq-instance-q1_0.cu

Remark: The warnings can be suppressed with "-diag-suppress <warning-number>"

[ 32%] Building CUDA object ggml/src/ggml-cuda/CMakeFiles/ggml-cuda.dir/template-instances/mmq-instance-q2_k.cu.o
[ 32%] Building CUDA object ggml/src/ggml-cuda/CMakeFiles/ggml-cuda.dir/template-instances/mmq-instance-q3_k.cu.o
/home/penta/repos/eobonsai/third_party/llama.cpp/ggml/src/ggml-cuda/template-instances/../mmq.cuh(937): warning #177-D: variable "tile_y_next" was declared but never referenced
      int * tile_y_next = tile_y + tile_y_stride;
            ^
          detected during:
            instantiation of "void mul_mat_q<type,J,fallback>(const char *, const int *, const int32_t *, const int32_t *, float *, float *, const float *, uint3, int, int, int, int, int, uint3, uint3, int, int, int, uint3, uint3, int, int, int, uint3) [with type=GGML_TYPE_Q2_0, J=8, fallback=false]" at line 1511
            instantiation of "void launch_mul_mat_q<type,J,fallback>(ggml_backend_cuda_context &, const mmq_args &, cudaStream_t) [with type=GGML_TYPE_Q2_0, J=8, fallback=false]" at line 1608
            instantiation of "void mul_mat_q_switch_J<type,fallback>(ggml_backend_cuda_context &, const mmq_args &, cudaStream_t) [with type=GGML_TYPE_Q2_0, fallback=false]" at line 1666
            instantiation of "void mul_mat_q_case<type>(ggml_backend_cuda_context &, const mmq_args &, cudaStream_t) [with type=GGML_TYPE_Q2_0]" at line 5 of /home/penta/repos/eobonsai/third_party/llama.cpp/ggml/src/ggml-cuda/template-instances/mmq-instance-q2_0.cu

Remark: The warnings can be suppressed with "-diag-suppress <warning-number>"

/home/penta/repos/eobonsai/third_party/llama.cpp/ggml/src/ggml-cuda/template-instances/../mmq.cuh(937): warning #177-D: variable "tile_y_next" was declared but never referenced
      int * tile_y_next = tile_y + tile_y_stride;
            ^
          detected during:
            instantiation of "void mul_mat_q<type,J,fallback>(const char *, const int *, const int32_t *, const int32_t *, float *, float *, const float *, uint3, int, int, int, int, int, uint3, uint3, int, int, int, uint3, uint3, int, int, int, uint3) [with type=GGML_TYPE_Q2_K, J=8, fallback=false]" at line 1511
            instantiation of "void launch_mul_mat_q<type,J,fallback>(ggml_backend_cuda_context &, const mmq_args &, cudaStream_t) [with type=GGML_TYPE_Q2_K, J=8, fallback=false]" at line 1608
            instantiation of "void mul_mat_q_switch_J<type,fallback>(ggml_backend_cuda_context &, const mmq_args &, cudaStream_t) [with type=GGML_TYPE_Q2_K, fallback=false]" at line 1666
            instantiation of "void mul_mat_q_case<type>(ggml_backend_cuda_context &, const mmq_args &, cudaStream_t) [with type=GGML_TYPE_Q2_K]" at line 5 of /home/penta/repos/eobonsai/third_party/llama.cpp/ggml/src/ggml-cuda/template-instances/mmq-instance-q2_k.cu

Remark: The warnings can be suppressed with "-diag-suppress <warning-number>"

/home/penta/repos/eobonsai/third_party/llama.cpp/ggml/src/ggml-cuda/template-instances/../mmq.cuh(937): warning #177-D: variable "tile_y_next" was declared but never referenced
      int * tile_y_next = tile_y + tile_y_stride;
            ^
          detected during:
            instantiation of "void mul_mat_q<type,J,fallback>(const char *, const int *, const int32_t *, const int32_t *, float *, float *, const float *, uint3, int, int, int, int, int, uint3, uint3, int, int, int, uint3, uint3, int, int, int, uint3) [with type=GGML_TYPE_Q3_K, J=8, fallback=false]" at line 1511
            instantiation of "void launch_mul_mat_q<type,J,fallback>(ggml_backend_cuda_context &, const mmq_args &, cudaStream_t) [with type=GGML_TYPE_Q3_K, J=8, fallback=false]" at line 1608
            instantiation of "void mul_mat_q_switch_J<type,fallback>(ggml_backend_cuda_context &, const mmq_args &, cudaStream_t) [with type=GGML_TYPE_Q3_K, fallback=false]" at line 1666
            instantiation of "void mul_mat_q_case<type>(ggml_backend_cuda_context &, const mmq_args &, cudaStream_t) [with type=GGML_TYPE_Q3_K]" at line 5 of /home/penta/repos/eobonsai/third_party/llama.cpp/ggml/src/ggml-cuda/template-instances/mmq-instance-q3_k.cu

Remark: The warnings can be suppressed with "-diag-suppress <warning-number>"

[ 32%] Building CUDA object ggml/src/ggml-cuda/CMakeFiles/ggml-cuda.dir/template-instances/mmq-instance-q4_0.cu.o
/home/penta/repos/eobonsai/third_party/llama.cpp/ggml/src/ggml-cuda/template-instances/../mmq.cuh(937): warning #177-D: variable "tile_y_next" was declared but never referenced
      int * tile_y_next = tile_y + tile_y_stride;
            ^
          detected during:
            instantiation of "void mul_mat_q<type,J,fallback>(const char *, const int *, const int32_t *, const int32_t *, float *, float *, const float *, uint3, int, int, int, int, int, uint3, uint3, int, int, int, uint3, uint3, int, int, int, uint3) [with type=GGML_TYPE_Q4_0, J=8, fallback=false]" at line 1511
            instantiation of "void launch_mul_mat_q<type,J,fallback>(ggml_backend_cuda_context &, const mmq_args &, cudaStream_t) [with type=GGML_TYPE_Q4_0, J=8, fallback=false]" at line 1608
            instantiation of "void mul_mat_q_switch_J<type,fallback>(ggml_backend_cuda_context &, const mmq_args &, cudaStream_t) [with type=GGML_TYPE_Q4_0, fallback=false]" at line 1666
            instantiation of "void mul_mat_q_case<type>(ggml_backend_cuda_context &, const mmq_args &, cudaStream_t) [with type=GGML_TYPE_Q4_0]" at line 5 of /home/penta/repos/eobonsai/third_party/llama.cpp/ggml/src/ggml-cuda/template-instances/mmq-instance-q4_0.cu

Remark: The warnings can be suppressed with "-diag-suppress <warning-number>"

[ 32%] Building CUDA object ggml/src/ggml-cuda/CMakeFiles/ggml-cuda.dir/template-instances/mmq-instance-q4_1.cu.o
/home/penta/repos/eobonsai/third_party/llama.cpp/ggml/src/ggml-cuda/template-instances/../mmq.cuh(937): warning #177-D: variable "tile_y_next" was declared but never referenced
      int * tile_y_next = tile_y + tile_y_stride;
            ^
          detected during:
            instantiation of "void mul_mat_q<type,J,fallback>(const char *, const int *, const int32_t *, const int32_t *, float *, float *, const float *, uint3, int, int, int, int, int, uint3, uint3, int, int, int, uint3, uint3, int, int, int, uint3) [with type=GGML_TYPE_Q4_1, J=8, fallback=false]" at line 1511
            instantiation of "void launch_mul_mat_q<type,J,fallback>(ggml_backend_cuda_context &, const mmq_args &, cudaStream_t) [with type=GGML_TYPE_Q4_1, J=8, fallback=false]" at line 1608
            instantiation of "void mul_mat_q_switch_J<type,fallback>(ggml_backend_cuda_context &, const mmq_args &, cudaStream_t) [with type=GGML_TYPE_Q4_1, fallback=false]" at line 1666
            instantiation of "void mul_mat_q_case<type>(ggml_backend_cuda_context &, const mmq_args &, cudaStream_t) [with type=GGML_TYPE_Q4_1]" at line 5 of /home/penta/repos/eobonsai/third_party/llama.cpp/ggml/src/ggml-cuda/template-instances/mmq-instance-q4_1.cu

Remark: The warnings can be suppressed with "-diag-suppress <warning-number>"

[ 34%] Building CUDA object ggml/src/ggml-cuda/CMakeFiles/ggml-cuda.dir/template-instances/mmq-instance-q4_k.cu.o
/home/penta/repos/eobonsai/third_party/llama.cpp/ggml/src/ggml-cuda/template-instances/../mmq.cuh(937): warning #177-D: variable "tile_y_next" was declared but never referenced
      int * tile_y_next = tile_y + tile_y_stride;
            ^
          detected during:
            instantiation of "void mul_mat_q<type,J,fallback>(const char *, const int *, const int32_t *, const int32_t *, float *, float *, const float *, uint3, int, int, int, int, int, uint3, uint3, int, int, int, uint3, uint3, int, int, int, uint3) [with type=GGML_TYPE_Q4_K, J=8, fallback=false]" at line 1511
            instantiation of "void launch_mul_mat_q<type,J,fallback>(ggml_backend_cuda_context &, const mmq_args &, cudaStream_t) [with type=GGML_TYPE_Q4_K, J=8, fallback=false]" at line 1608
            instantiation of "void mul_mat_q_switch_J<type,fallback>(ggml_backend_cuda_context &, const mmq_args &, cudaStream_t) [with type=GGML_TYPE_Q4_K, fallback=false]" at line 1666
            instantiation of "void mul_mat_q_case<type>(ggml_backend_cuda_context &, const mmq_args &, cudaStream_t) [with type=GGML_TYPE_Q4_K]" at line 5 of /home/penta/repos/eobonsai/third_party/llama.cpp/ggml/src/ggml-cuda/template-instances/mmq-instance-q4_k.cu

Remark: The warnings can be suppressed with "-diag-suppress <warning-number>"

[ 34%] Building CUDA object ggml/src/ggml-cuda/CMakeFiles/ggml-cuda.dir/template-instances/mmq-instance-q5_0.cu.o
[ 34%] Building CUDA object ggml/src/ggml-cuda/CMakeFiles/ggml-cuda.dir/template-instances/mmq-instance-q5_1.cu.o
/home/penta/repos/eobonsai/third_party/llama.cpp/ggml/src/ggml-cuda/template-instances/../mmq.cuh(937): warning #177-D: variable "tile_y_next" was declared but never referenced
      int * tile_y_next = tile_y + tile_y_stride;
            ^
          detected during:
            instantiation of "void mul_mat_q<type,J,fallback>(const char *, const int *, const int32_t *, const int32_t *, float *, float *, const float *, uint3, int, int, int, int, int, uint3, uint3, int, int, int, uint3, uint3, int, int, int, uint3) [with type=GGML_TYPE_Q5_0, J=8, fallback=false]" at line 1511
            instantiation of "void launch_mul_mat_q<type,J,fallback>(ggml_backend_cuda_context &, const mmq_args &, cudaStream_t) [with type=GGML_TYPE_Q5_0, J=8, fallback=false]" at line 1608
            instantiation of "void mul_mat_q_switch_J<type,fallback>(ggml_backend_cuda_context &, const mmq_args &, cudaStream_t) [with type=GGML_TYPE_Q5_0, fallback=false]" at line 1666
            instantiation of "void mul_mat_q_case<type>(ggml_backend_cuda_context &, const mmq_args &, cudaStream_t) [with type=GGML_TYPE_Q5_0]" at line 5 of /home/penta/repos/eobonsai/third_party/llama.cpp/ggml/src/ggml-cuda/template-instances/mmq-instance-q5_0.cu

Remark: The warnings can be suppressed with "-diag-suppress <warning-number>"

/home/penta/repos/eobonsai/third_party/llama.cpp/ggml/src/ggml-cuda/template-instances/../mmq.cuh(937): warning #177-D: variable "tile_y_next" was declared but never referenced
      int * tile_y_next = tile_y + tile_y_stride;
            ^
          detected during:
            instantiation of "void mul_mat_q<type,J,fallback>(const char *, const int *, const int32_t *, const int32_t *, float *, float *, const float *, uint3, int, int, int, int, int, uint3, uint3, int, int, int, uint3, uint3, int, int, int, uint3) [with type=GGML_TYPE_Q5_1, J=8, fallback=false]" at line 1511
            instantiation of "void launch_mul_mat_q<type,J,fallback>(ggml_backend_cuda_context &, const mmq_args &, cudaStream_t) [with type=GGML_TYPE_Q5_1, J=8, fallback=false]" at line 1608
            instantiation of "void mul_mat_q_switch_J<type,fallback>(ggml_backend_cuda_context &, const mmq_args &, cudaStream_t) [with type=GGML_TYPE_Q5_1, fallback=false]" at line 1666
            instantiation of "void mul_mat_q_case<type>(ggml_backend_cuda_context &, const mmq_args &, cudaStream_t) [with type=GGML_TYPE_Q5_1]" at line 5 of /home/penta/repos/eobonsai/third_party/llama.cpp/ggml/src/ggml-cuda/template-instances/mmq-instance-q5_1.cu

Remark: The warnings can be suppressed with "-diag-suppress <warning-number>"

[ 34%] Building CUDA object ggml/src/ggml-cuda/CMakeFiles/ggml-cuda.dir/template-instances/mmq-instance-q5_k.cu.o
/home/penta/repos/eobonsai/third_party/llama.cpp/ggml/src/ggml-cuda/template-instances/../mmq.cuh(937): warning #177-D: variable "tile_y_next" was declared but never referenced
      int * tile_y_next = tile_y + tile_y_stride;
            ^
          detected during:
            instantiation of "void mul_mat_q<type,J,fallback>(const char *, const int *, const int32_t *, const int32_t *, float *, float *, const float *, uint3, int, int, int, int, int, uint3, uint3, int, int, int, uint3, uint3, int, int, int, uint3) [with type=GGML_TYPE_Q5_K, J=8, fallback=false]" at line 1511
            instantiation of "void launch_mul_mat_q<type,J,fallback>(ggml_backend_cuda_context &, const mmq_args &, cudaStream_t) [with type=GGML_TYPE_Q5_K, J=8, fallback=false]" at line 1608
            instantiation of "void mul_mat_q_switch_J<type,fallback>(ggml_backend_cuda_context &, const mmq_args &, cudaStream_t) [with type=GGML_TYPE_Q5_K, fallback=false]" at line 1666
            instantiation of "void mul_mat_q_case<type>(ggml_backend_cuda_context &, const mmq_args &, cudaStream_t) [with type=GGML_TYPE_Q5_K]" at line 5 of /home/penta/repos/eobonsai/third_party/llama.cpp/ggml/src/ggml-cuda/template-instances/mmq-instance-q5_k.cu

Remark: The warnings can be suppressed with "-diag-suppress <warning-number>"

[ 34%] Building CUDA object ggml/src/ggml-cuda/CMakeFiles/ggml-cuda.dir/template-instances/mmq-instance-q6_k.cu.o
[ 34%] Building CUDA object ggml/src/ggml-cuda/CMakeFiles/ggml-cuda.dir/template-instances/mmq-instance-q8_0.cu.o
/home/penta/repos/eobonsai/third_party/llama.cpp/ggml/src/ggml-cuda/template-instances/../mmq.cuh(937): warning #177-D: variable "tile_y_next" was declared but never referenced
      int * tile_y_next = tile_y + tile_y_stride;
            ^
          detected during:
            instantiation of "void mul_mat_q<type,J,fallback>(const char *, const int *, const int32_t *, const int32_t *, float *, float *, const float *, uint3, int, int, int, int, int, uint3, uint3, int, int, int, uint3, uint3, int, int, int, uint3) [with type=GGML_TYPE_Q6_K, J=8, fallback=false]" at line 1511
            instantiation of "void launch_mul_mat_q<type,J,fallback>(ggml_backend_cuda_context &, const mmq_args &, cudaStream_t) [with type=GGML_TYPE_Q6_K, J=8, fallback=false]" at line 1608
            instantiation of "void mul_mat_q_switch_J<type,fallback>(ggml_backend_cuda_context &, const mmq_args &, cudaStream_t) [with type=GGML_TYPE_Q6_K, fallback=false]" at line 1666
            instantiation of "void mul_mat_q_case<type>(ggml_backend_cuda_context &, const mmq_args &, cudaStream_t) [with type=GGML_TYPE_Q6_K]" at line 5 of /home/penta/repos/eobonsai/third_party/llama.cpp/ggml/src/ggml-cuda/template-instances/mmq-instance-q6_k.cu

Remark: The warnings can be suppressed with "-diag-suppress <warning-number>"

/home/penta/repos/eobonsai/third_party/llama.cpp/ggml/src/ggml-cuda/template-instances/../mmq.cuh(937): warning #177-D: variable "tile_y_next" was declared but never referenced
      int * tile_y_next = tile_y + tile_y_stride;
            ^
          detected during:
            instantiation of "void mul_mat_q<type,J,fallback>(const char *, const int *, const int32_t *, const int32_t *, float *, float *, const float *, uint3, int, int, int, int, int, uint3, uint3, int, int, int, uint3, uint3, int, int, int, uint3) [with type=GGML_TYPE_Q8_0, J=8, fallback=false]" at line 1511
            instantiation of "void launch_mul_mat_q<type,J,fallback>(ggml_backend_cuda_context &, const mmq_args &, cudaStream_t) [with type=GGML_TYPE_Q8_0, J=8, fallback=false]" at line 1608
            instantiation of "void mul_mat_q_switch_J<type,fallback>(ggml_backend_cuda_context &, const mmq_args &, cudaStream_t) [with type=GGML_TYPE_Q8_0, fallback=false]" at line 1666
            instantiation of "void mul_mat_q_case<type>(ggml_backend_cuda_context &, const mmq_args &, cudaStream_t) [with type=GGML_TYPE_Q8_0]" at line 5 of /home/penta/repos/eobonsai/third_party/llama.cpp/ggml/src/ggml-cuda/template-instances/mmq-instance-q8_0.cu

Remark: The warnings can be suppressed with "-diag-suppress <warning-number>"

[ 34%] Building CUDA object ggml/src/ggml-cuda/CMakeFiles/ggml-cuda.dir/template-instances/mmf-instance-ncols_1.cu.o
[ 36%] Building CUDA object ggml/src/ggml-cuda/CMakeFiles/ggml-cuda.dir/template-instances/mmf-instance-ncols_10.cu.o
[ 36%] Building CUDA object ggml/src/ggml-cuda/CMakeFiles/ggml-cuda.dir/template-instances/mmf-instance-ncols_11.cu.o
[ 36%] Building CUDA object ggml/src/ggml-cuda/CMakeFiles/ggml-cuda.dir/template-instances/mmf-instance-ncols_12.cu.o
[ 36%] Building CUDA object ggml/src/ggml-cuda/CMakeFiles/ggml-cuda.dir/template-instances/mmf-instance-ncols_13.cu.o
[ 36%] Building CUDA object ggml/src/ggml-cuda/CMakeFiles/ggml-cuda.dir/template-instances/mmf-instance-ncols_14.cu.o
[ 36%] Building CUDA object ggml/src/ggml-cuda/CMakeFiles/ggml-cuda.dir/template-instances/mmf-instance-ncols_15.cu.o
[ 36%] Building CUDA object ggml/src/ggml-cuda/CMakeFiles/ggml-cuda.dir/template-instances/mmf-instance-ncols_16.cu.o
[ 36%] Building CUDA object ggml/src/ggml-cuda/CMakeFiles/ggml-cuda.dir/template-instances/mmf-instance-ncols_2.cu.o
[ 37%] Building CUDA object ggml/src/ggml-cuda/CMakeFiles/ggml-cuda.dir/template-instances/mmf-instance-ncols_3.cu.o
[ 37%] Building CUDA object ggml/src/ggml-cuda/CMakeFiles/ggml-cuda.dir/template-instances/mmf-instance-ncols_4.cu.o
[ 37%] Building CUDA object ggml/src/ggml-cuda/CMakeFiles/ggml-cuda.dir/template-instances/mmf-instance-ncols_5.cu.o
[ 37%] Building CUDA object ggml/src/ggml-cuda/CMakeFiles/ggml-cuda.dir/template-instances/mmf-instance-ncols_6.cu.o
[ 37%] Building CUDA object ggml/src/ggml-cuda/CMakeFiles/ggml-cuda.dir/template-instances/mmf-instance-ncols_7.cu.o
[ 37%] Building CUDA object ggml/src/ggml-cuda/CMakeFiles/ggml-cuda.dir/template-instances/mmf-instance-ncols_8.cu.o
[ 37%] Building CUDA object ggml/src/ggml-cuda/CMakeFiles/ggml-cuda.dir/template-instances/mmf-instance-ncols_9.cu.o
[ 39%] Building CUDA object ggml/src/ggml-cuda/CMakeFiles/ggml-cuda.dir/template-instances/fattn-vec-instance-bf16-bf16.cu.o
[ 39%] Building CUDA object ggml/src/ggml-cuda/CMakeFiles/ggml-cuda.dir/template-instances/fattn-vec-instance-bf16-f16.cu.o
[ 39%] Building CUDA object ggml/src/ggml-cuda/CMakeFiles/ggml-cuda.dir/template-instances/fattn-vec-instance-bf16-q4_0.cu.o
[ 39%] Building CUDA object ggml/src/ggml-cuda/CMakeFiles/ggml-cuda.dir/template-instances/fattn-vec-instance-bf16-q4_1.cu.o
[ 39%] Building CUDA object ggml/src/ggml-cuda/CMakeFiles/ggml-cuda.dir/template-instances/fattn-vec-instance-bf16-q5_0.cu.o
[ 39%] Building CUDA object ggml/src/ggml-cuda/CMakeFiles/ggml-cuda.dir/template-instances/fattn-vec-instance-bf16-q5_1.cu.o
[ 39%] Building CUDA object ggml/src/ggml-cuda/CMakeFiles/ggml-cuda.dir/template-instances/fattn-vec-instance-bf16-q8_0.cu.o
[ 39%] Building CUDA object ggml/src/ggml-cuda/CMakeFiles/ggml-cuda.dir/template-instances/fattn-vec-instance-f16-bf16.cu.o
[ 41%] Building CUDA object ggml/src/ggml-cuda/CMakeFiles/ggml-cuda.dir/template-instances/fattn-vec-instance-f16-f16.cu.o
[ 41%] Building CUDA object ggml/src/ggml-cuda/CMakeFiles/ggml-cuda.dir/template-instances/fattn-vec-instance-f16-q4_0.cu.o
[ 41%] Building CUDA object ggml/src/ggml-cuda/CMakeFiles/ggml-cuda.dir/template-instances/fattn-vec-instance-f16-q4_1.cu.o
[ 41%] Building CUDA object ggml/src/ggml-cuda/CMakeFiles/ggml-cuda.dir/template-instances/fattn-vec-instance-f16-q5_0.cu.o
[ 41%] Building CUDA object ggml/src/ggml-cuda/CMakeFiles/ggml-cuda.dir/template-instances/fattn-vec-instance-f16-q5_1.cu.o
[ 41%] Building CUDA object ggml/src/ggml-cuda/CMakeFiles/ggml-cuda.dir/template-instances/fattn-vec-instance-f16-q8_0.cu.o
[ 41%] Building CUDA object ggml/src/ggml-cuda/CMakeFiles/ggml-cuda.dir/template-instances/fattn-vec-instance-q4_0-bf16.cu.o
[ 43%] Building CUDA object ggml/src/ggml-cuda/CMakeFiles/ggml-cuda.dir/template-instances/fattn-vec-instance-q4_0-f16.cu.o
[ 43%] Building CUDA object ggml/src/ggml-cuda/CMakeFiles/ggml-cuda.dir/template-instances/fattn-vec-instance-q4_0-q4_0.cu.o
[ 43%] Building CUDA object ggml/src/ggml-cuda/CMakeFiles/ggml-cuda.dir/template-instances/fattn-vec-instance-q4_0-q4_1.cu.o
[ 43%] Building CUDA object ggml/src/ggml-cuda/CMakeFiles/ggml-cuda.dir/template-instances/fattn-vec-instance-q4_0-q5_0.cu.o
[ 43%] Building CUDA object ggml/src/ggml-cuda/CMakeFiles/ggml-cuda.dir/template-instances/fattn-vec-instance-q4_0-q5_1.cu.o
[ 43%] Building CUDA object ggml/src/ggml-cuda/CMakeFiles/ggml-cuda.dir/template-instances/fattn-vec-instance-q4_0-q8_0.cu.o
[ 43%] Building CUDA object ggml/src/ggml-cuda/CMakeFiles/ggml-cuda.dir/template-instances/fattn-vec-instance-q4_1-bf16.cu.o
[ 43%] Building CUDA object ggml/src/ggml-cuda/CMakeFiles/ggml-cuda.dir/template-instances/fattn-vec-instance-q4_1-f16.cu.o
[ 44%] Building CUDA object ggml/src/ggml-cuda/CMakeFiles/ggml-cuda.dir/template-instances/fattn-vec-instance-q4_1-q4_0.cu.o
[ 44%] Building CUDA object ggml/src/ggml-cuda/CMakeFiles/ggml-cuda.dir/template-instances/fattn-vec-instance-q4_1-q4_1.cu.o
[ 44%] Building CUDA object ggml/src/ggml-cuda/CMakeFiles/ggml-cuda.dir/template-instances/fattn-vec-instance-q4_1-q5_0.cu.o
[ 44%] Building CUDA object ggml/src/ggml-cuda/CMakeFiles/ggml-cuda.dir/template-instances/fattn-vec-instance-q4_1-q5_1.cu.o
[ 44%] Building CUDA object ggml/src/ggml-cuda/CMakeFiles/ggml-cuda.dir/template-instances/fattn-vec-instance-q4_1-q8_0.cu.o
[ 44%] Building CUDA object ggml/src/ggml-cuda/CMakeFiles/ggml-cuda.dir/template-instances/fattn-vec-instance-q5_0-bf16.cu.o
[ 44%] Building CUDA object ggml/src/ggml-cuda/CMakeFiles/ggml-cuda.dir/template-instances/fattn-vec-instance-q5_0-f16.cu.o
[ 44%] Building CUDA object ggml/src/ggml-cuda/CMakeFiles/ggml-cuda.dir/template-instances/fattn-vec-instance-q5_0-q4_0.cu.o
[ 46%] Building CUDA object ggml/src/ggml-cuda/CMakeFiles/ggml-cuda.dir/template-instances/fattn-vec-instance-q5_0-q4_1.cu.o
[ 46%] Building CUDA object ggml/src/ggml-cuda/CMakeFiles/ggml-cuda.dir/template-instances/fattn-vec-instance-q5_0-q5_0.cu.o
[ 46%] Building CUDA object ggml/src/ggml-cuda/CMakeFiles/ggml-cuda.dir/template-instances/fattn-vec-instance-q5_0-q5_1.cu.o
[ 46%] Building CUDA object ggml/src/ggml-cuda/CMakeFiles/ggml-cuda.dir/template-instances/fattn-vec-instance-q5_0-q8_0.cu.o
[ 46%] Building CUDA object ggml/src/ggml-cuda/CMakeFiles/ggml-cuda.dir/template-instances/fattn-vec-instance-q5_1-bf16.cu.o
[ 46%] Building CUDA object ggml/src/ggml-cuda/CMakeFiles/ggml-cuda.dir/template-instances/fattn-vec-instance-q5_1-f16.cu.o
[ 46%] Building CUDA object ggml/src/ggml-cuda/CMakeFiles/ggml-cuda.dir/template-instances/fattn-vec-instance-q5_1-q4_0.cu.o
[ 48%] Building CUDA object ggml/src/ggml-cuda/CMakeFiles/ggml-cuda.dir/template-instances/fattn-vec-instance-q5_1-q4_1.cu.o
[ 48%] Building CUDA object ggml/src/ggml-cuda/CMakeFiles/ggml-cuda.dir/template-instances/fattn-vec-instance-q5_1-q5_0.cu.o
[ 48%] Building CUDA object ggml/src/ggml-cuda/CMakeFiles/ggml-cuda.dir/template-instances/fattn-vec-instance-q5_1-q5_1.cu.o
[ 48%] Building CUDA object ggml/src/ggml-cuda/CMakeFiles/ggml-cuda.dir/template-instances/fattn-vec-instance-q5_1-q8_0.cu.o
[ 48%] Building CUDA object ggml/src/ggml-cuda/CMakeFiles/ggml-cuda.dir/template-instances/fattn-vec-instance-q8_0-bf16.cu.o
[ 48%] Building CUDA object ggml/src/ggml-cuda/CMakeFiles/ggml-cuda.dir/template-instances/fattn-vec-instance-q8_0-f16.cu.o
[ 48%] Building CUDA object ggml/src/ggml-cuda/CMakeFiles/ggml-cuda.dir/template-instances/fattn-vec-instance-q8_0-q4_0.cu.o
[ 48%] Building CUDA object ggml/src/ggml-cuda/CMakeFiles/ggml-cuda.dir/template-instances/fattn-vec-instance-q8_0-q4_1.cu.o
[ 50%] Building CUDA object ggml/src/ggml-cuda/CMakeFiles/ggml-cuda.dir/template-instances/fattn-vec-instance-q8_0-q5_0.cu.o
[ 50%] Building CUDA object ggml/src/ggml-cuda/CMakeFiles/ggml-cuda.dir/template-instances/fattn-vec-instance-q8_0-q5_1.cu.o
[ 50%] Building CUDA object ggml/src/ggml-cuda/CMakeFiles/ggml-cuda.dir/template-instances/fattn-vec-instance-q8_0-q8_0.cu.o
[ 50%] Linking CUDA shared library ../../../bin/libggml-cuda.so
[ 50%] Built target ggml-cuda
[ 50%] Building CXX object ggml/src/CMakeFiles/ggml.dir/ggml-backend-dl.cpp.o
[ 50%] Building CXX object ggml/src/CMakeFiles/ggml.dir/ggml-backend-reg.cpp.o
[ 50%] Linking CXX shared library ../../bin/libggml.so
[ 50%] Built target ggml
[ 50%] Building CXX object src/CMakeFiles/llama.dir/llama-adapter.cpp.o
[ 51%] Building CXX object src/CMakeFiles/llama.dir/llama-batch.cpp.o
[ 51%] Building CXX object src/CMakeFiles/llama.dir/llama-arch.cpp.o
[ 51%] Building CXX object src/CMakeFiles/llama.dir/llama-context.cpp.o
[ 51%] Building CXX object src/CMakeFiles/llama.dir/llama.cpp.o
[ 51%] Building CXX object src/CMakeFiles/llama.dir/llama-chat.cpp.o
[ 51%] Building CXX object src/CMakeFiles/llama.dir/llama-cparams.cpp.o
[ 51%] Building CXX object src/CMakeFiles/llama.dir/llama-grammar.cpp.o
[ 51%] Building CXX object src/CMakeFiles/llama.dir/llama-graph.cpp.o
[ 51%] Building CXX object src/CMakeFiles/llama.dir/llama-hparams.cpp.o
[ 51%] Building CXX object src/CMakeFiles/llama.dir/llama-impl.cpp.o
[ 53%] Building CXX object src/CMakeFiles/llama.dir/llama-io.cpp.o
[ 53%] Building CXX object src/CMakeFiles/llama.dir/llama-kv-cache.cpp.o
[ 53%] Building CXX object src/CMakeFiles/llama.dir/llama-kv-cache-iswa.cpp.o
[ 53%] Building CXX object src/CMakeFiles/llama.dir/llama-kv-cache-dsa.cpp.o
[ 53%] Building CXX object src/CMakeFiles/llama.dir/llama-kv-cache-dsa-iswa.cpp.o
[ 53%] Building CXX object src/CMakeFiles/llama.dir/llama-kv-cache-msa.cpp.o
[ 53%] Building CXX object src/CMakeFiles/llama.dir/llama-kv-cache-dsv4.cpp.o
[ 55%] Building CXX object src/CMakeFiles/llama.dir/llama-memory.cpp.o
[ 55%] Building CXX object src/CMakeFiles/llama.dir/llama-memory-hybrid.cpp.o
[ 55%] Building CXX object src/CMakeFiles/llama.dir/llama-memory-hybrid-iswa.cpp.o
[ 55%] Building CXX object src/CMakeFiles/llama.dir/llama-memory-recurrent.cpp.o
[ 55%] Building CXX object src/CMakeFiles/llama.dir/llama-mmap.cpp.o
[ 55%] Building CXX object src/CMakeFiles/llama.dir/llama-model-loader.cpp.o
[ 55%] Building CXX object src/CMakeFiles/llama.dir/llama-model-saver.cpp.o
[ 55%] Building CXX object src/CMakeFiles/llama.dir/llama-model.cpp.o
[ 56%] Building CXX object src/CMakeFiles/llama.dir/llama-quant.cpp.o
[ 56%] Building CXX object src/CMakeFiles/llama.dir/llama-sampler.cpp.o
[ 56%] Building CXX object src/CMakeFiles/llama.dir/llama-vocab.cpp.o
[ 56%] Building CXX object src/CMakeFiles/llama.dir/unicode-data.cpp.o
[ 56%] Building CXX object src/CMakeFiles/llama.dir/unicode.cpp.o
[ 56%] Building CXX object src/CMakeFiles/llama.dir/models/afmoe.cpp.o
[ 56%] Building CXX object src/CMakeFiles/llama.dir/models/apertus.cpp.o
[ 58%] Building CXX object src/CMakeFiles/llama.dir/models/arcee.cpp.o
[ 58%] Building CXX object src/CMakeFiles/llama.dir/models/arctic.cpp.o
[ 58%] Building CXX object src/CMakeFiles/llama.dir/models/arwkv7.cpp.o
[ 58%] Building CXX object src/CMakeFiles/llama.dir/models/baichuan.cpp.o
[ 58%] Building CXX object src/CMakeFiles/llama.dir/models/bailingmoe.cpp.o
[ 58%] Building CXX object src/CMakeFiles/llama.dir/models/bailingmoe2.cpp.o
[ 58%] Building CXX object src/CMakeFiles/llama.dir/models/bailingmoe3.cpp.o
[ 58%] Building CXX object src/CMakeFiles/llama.dir/models/bert.cpp.o
[ 60%] Building CXX object src/CMakeFiles/llama.dir/models/bitnet.cpp.o
[ 60%] Building CXX object src/CMakeFiles/llama.dir/models/bloom.cpp.o
[ 60%] Building CXX object src/CMakeFiles/llama.dir/models/chameleon.cpp.o
[ 60%] Building CXX object src/CMakeFiles/llama.dir/models/chatglm.cpp.o
[ 60%] Building CXX object src/CMakeFiles/llama.dir/models/clip.cpp.o
[ 60%] Building CXX object src/CMakeFiles/llama.dir/models/codeshell.cpp.o
[ 60%] Building CXX object src/CMakeFiles/llama.dir/models/cogvlm.cpp.o
[ 62%] Building CXX object src/CMakeFiles/llama.dir/models/cohere2.cpp.o
[ 62%] Building CXX object src/CMakeFiles/llama.dir/models/cohere2moe.cpp.o
[ 62%] Building CXX object src/CMakeFiles/llama.dir/models/command-r.cpp.o
[ 62%] Building CXX object src/CMakeFiles/llama.dir/models/dbrx.cpp.o
[ 62%] Building CXX object src/CMakeFiles/llama.dir/models/deci.cpp.o
[ 62%] Building CXX object src/CMakeFiles/llama.dir/models/deepseek.cpp.o
[ 62%] Building CXX object src/CMakeFiles/llama.dir/models/deepseek2.cpp.o
[ 62%] Building CXX object src/CMakeFiles/llama.dir/models/deepseek2ocr.cpp.o
[ 63%] Building CXX object src/CMakeFiles/llama.dir/models/deepseek32.cpp.o
[ 63%] Building CXX object src/CMakeFiles/llama.dir/models/deepseek4.cpp.o
[ 63%] Building CXX object src/CMakeFiles/llama.dir/models/delta-net-base.cpp.o
[ 63%] Building CXX object src/CMakeFiles/llama.dir/models/dflash.cpp.o
[ 63%] Building CXX object src/CMakeFiles/llama.dir/models/dots1.cpp.o
[ 63%] Building CXX object src/CMakeFiles/llama.dir/models/dots3note.cpp.o
[ 63%] Building CXX object src/CMakeFiles/llama.dir/models/dream.cpp.o
[ 65%] Building CXX object src/CMakeFiles/llama.dir/models/dspark.cpp.o
[ 65%] Building CXX object src/CMakeFiles/llama.dir/models/eagle3.cpp.o
[ 65%] Building CXX object src/CMakeFiles/llama.dir/models/ernie4-5-moe.cpp.o
[ 65%] Building CXX object src/CMakeFiles/llama.dir/models/ernie4-5.cpp.o
[ 65%] Building CXX object src/CMakeFiles/llama.dir/models/eurobert.cpp.o
[ 65%] Building CXX object src/CMakeFiles/llama.dir/models/exaone-moe.cpp.o
[ 65%] Building CXX object src/CMakeFiles/llama.dir/models/exaone.cpp.o
[ 65%] Building CXX object src/CMakeFiles/llama.dir/models/exaone4.cpp.o
[ 67%] Building CXX object src/CMakeFiles/llama.dir/models/falcon-h1.cpp.o
[ 67%] Building CXX object src/CMakeFiles/llama.dir/models/gemma-embedding.cpp.o
[ 67%] Building CXX object src/CMakeFiles/llama.dir/models/falcon.cpp.o
[ 67%] Building CXX object src/CMakeFiles/llama.dir/models/gemma.cpp.o
[ 67%] Building CXX object src/CMakeFiles/llama.dir/models/gemma2.cpp.o
[ 67%] Building CXX object src/CMakeFiles/llama.dir/models/gemma3.cpp.o
[ 67%] Building CXX object src/CMakeFiles/llama.dir/models/gemma3n.cpp.o
[ 68%] Building CXX object src/CMakeFiles/llama.dir/models/gemma4-assistant.cpp.o
[ 68%] Building CXX object src/CMakeFiles/llama.dir/models/gemma4.cpp.o
[ 68%] Building CXX object src/CMakeFiles/llama.dir/models/glm-dsa.cpp.o
[ 68%] Building CXX object src/CMakeFiles/llama.dir/models/glm4-moe.cpp.o
[ 68%] Building CXX object src/CMakeFiles/llama.dir/models/glm4.cpp.o
[ 68%] Building CXX object src/CMakeFiles/llama.dir/models/gpt2.cpp.o
[ 68%] Building CXX object src/CMakeFiles/llama.dir/models/gptneox.cpp.o
[ 68%] Building CXX object src/CMakeFiles/llama.dir/models/granite-hybrid.cpp.o
[ 70%] Building CXX object src/CMakeFiles/llama.dir/models/granite-moe.cpp.o
[ 70%] Building CXX object src/CMakeFiles/llama.dir/models/granite-swa.cpp.o
[ 70%] Building CXX object src/CMakeFiles/llama.dir/models/granite-switch.cpp.o
[ 70%] Building CXX object src/CMakeFiles/llama.dir/models/granite.cpp.o
[ 70%] Building CXX object src/CMakeFiles/llama.dir/models/grok.cpp.o
[ 70%] Building CXX object src/CMakeFiles/llama.dir/models/grovemoe.cpp.o
[ 70%] Building CXX object src/CMakeFiles/llama.dir/models/hunyuan-dense.cpp.o
[ 72%] Building CXX object src/CMakeFiles/llama.dir/models/hunyuan-moe.cpp.o
[ 72%] Building CXX object src/CMakeFiles/llama.dir/models/hunyuan-vl.cpp.o
[ 72%] Building CXX object src/CMakeFiles/llama.dir/models/hy-v3.cpp.o
[ 72%] Building CXX object src/CMakeFiles/llama.dir/models/internlm2.cpp.o
[ 72%] Building CXX object src/CMakeFiles/llama.dir/models/jais.cpp.o
[ 72%] Building CXX object src/CMakeFiles/llama.dir/models/jais2.cpp.o
[ 72%] Building CXX object src/CMakeFiles/llama.dir/models/jamba.cpp.o
[ 72%] Building CXX object src/CMakeFiles/llama.dir/models/jina-bert-v2.cpp.o
[ 74%] Building CXX object src/CMakeFiles/llama.dir/models/jina-bert-v3.cpp.o
[ 74%] Building CXX object src/CMakeFiles/llama.dir/models/kimi-k3.cpp.o
[ 74%] Building CXX object src/CMakeFiles/llama.dir/models/kimi-linear.cpp.o
[ 74%] Building CXX object src/CMakeFiles/llama.dir/models/laguna.cpp.o
[ 74%] Building CXX object src/CMakeFiles/llama.dir/models/lfm2.cpp.o
[ 74%] Building CXX object src/CMakeFiles/llama.dir/models/lfm2moe.cpp.o
[ 74%] Building CXX object src/CMakeFiles/llama.dir/models/llada-moe.cpp.o
[ 75%] Building CXX object src/CMakeFiles/llama.dir/models/llada.cpp.o
[ 75%] Building CXX object src/CMakeFiles/llama.dir/models/llama-embed.cpp.o
[ 75%] Building CXX object src/CMakeFiles/llama.dir/models/llama.cpp.o
[ 75%] Building CXX object src/CMakeFiles/llama.dir/models/llama4.cpp.o
[ 75%] Building CXX object src/CMakeFiles/llama.dir/models/maincoder.cpp.o
[ 75%] Building CXX object src/CMakeFiles/llama.dir/models/mamba-base.cpp.o
[ 75%] Building CXX object src/CMakeFiles/llama.dir/models/mamba.cpp.o
[ 75%] Building CXX object src/CMakeFiles/llama.dir/models/mamba2.cpp.o
[ 77%] Building CXX object src/CMakeFiles/llama.dir/models/mellum.cpp.o
[ 77%] Building CXX object src/CMakeFiles/llama.dir/models/mimo2.cpp.o
[ 77%] Building CXX object src/CMakeFiles/llama.dir/models/minicpm.cpp.o
[ 77%] Building CXX object src/CMakeFiles/llama.dir/models/minicpm3.cpp.o
[ 77%] Building CXX object src/CMakeFiles/llama.dir/models/minimax-01.cpp.o
[ 77%] Building CXX object src/CMakeFiles/llama.dir/models/minimax-m2.cpp.o
[ 77%] Building CXX object src/CMakeFiles/llama.dir/models/minimax-m3.cpp.o
[ 79%] Building CXX object src/CMakeFiles/llama.dir/models/mistral3.cpp.o
[ 79%] Building CXX object src/CMakeFiles/llama.dir/models/mistral4.cpp.o
[ 79%] Building CXX object src/CMakeFiles/llama.dir/models/modern-bert.cpp.o
[ 79%] Building CXX object src/CMakeFiles/llama.dir/models/mpt.cpp.o
[ 79%] Building CXX object src/CMakeFiles/llama.dir/models/muse-glimmer.cpp.o
[ 79%] Building CXX object src/CMakeFiles/llama.dir/models/nanbeige.cpp.o
[ 79%] Building CXX object src/CMakeFiles/llama.dir/models/nemotron-h-moe.cpp.o
[ 79%] Building CXX object src/CMakeFiles/llama.dir/models/nemotron-h.cpp.o
[ 81%] Building CXX object src/CMakeFiles/llama.dir/models/nemotron.cpp.o
[ 81%] Building CXX object src/CMakeFiles/llama.dir/models/neo-bert.cpp.o
[ 81%] Building CXX object src/CMakeFiles/llama.dir/models/nomic-bert-moe.cpp.o
[ 81%] Building CXX object src/CMakeFiles/llama.dir/models/nomic-bert.cpp.o
[ 81%] Building CXX object src/CMakeFiles/llama.dir/models/olmo.cpp.o
[ 81%] Building CXX object src/CMakeFiles/llama.dir/models/olmo2.cpp.o
[ 81%] Building CXX object src/CMakeFiles/llama.dir/models/olmoe.cpp.o
[ 82%] Building CXX object src/CMakeFiles/llama.dir/models/openai-moe.cpp.o
[ 82%] Building CXX object src/CMakeFiles/llama.dir/models/openelm.cpp.o
[ 82%] Building CXX object src/CMakeFiles/llama.dir/models/orion.cpp.o
[ 82%] Building CXX object src/CMakeFiles/llama.dir/models/paddleocr.cpp.o
[ 82%] Building CXX object src/CMakeFiles/llama.dir/models/pangu-embed.cpp.o
[ 82%] Building CXX object src/CMakeFiles/llama.dir/models/phi2.cpp.o
[ 82%] Building CXX object src/CMakeFiles/llama.dir/models/phi3.cpp.o
[ 82%] Building CXX object src/CMakeFiles/llama.dir/models/phimoe.cpp.o
[ 84%] Building CXX object src/CMakeFiles/llama.dir/models/plamo.cpp.o
[ 84%] Building CXX object src/CMakeFiles/llama.dir/models/plamo2.cpp.o
[ 84%] Building CXX object src/CMakeFiles/llama.dir/models/plamo3.cpp.o
[ 84%] Building CXX object src/CMakeFiles/llama.dir/models/plm.cpp.o
[ 84%] Building CXX object src/CMakeFiles/llama.dir/models/pockettts.cpp.o
[ 84%] Building CXX object src/CMakeFiles/llama.dir/models/qwen.cpp.o
[ 84%] Building CXX object src/CMakeFiles/llama.dir/models/qwen2.cpp.o
[ 86%] Building CXX object src/CMakeFiles/llama.dir/models/qwen2moe.cpp.o
[ 86%] Building CXX object src/CMakeFiles/llama.dir/models/qwen2vl.cpp.o
[ 86%] Building CXX object src/CMakeFiles/llama.dir/models/qwen3.cpp.o
[ 86%] Building CXX object src/CMakeFiles/llama.dir/models/qwen35.cpp.o
[ 86%] Building CXX object src/CMakeFiles/llama.dir/models/qwen35moe.cpp.o
[ 86%] Building CXX object src/CMakeFiles/llama.dir/models/qwen3moe.cpp.o
[ 86%] Building CXX object src/CMakeFiles/llama.dir/models/qwen3next.cpp.o
[ 86%] Building CXX object src/CMakeFiles/llama.dir/models/qwen3tts.cpp.o
[ 87%] Building CXX object src/CMakeFiles/llama.dir/models/qwen3vl.cpp.o
[ 87%] Building CXX object src/CMakeFiles/llama.dir/models/qwen3vlmoe.cpp.o
[ 87%] Building CXX object src/CMakeFiles/llama.dir/models/refact.cpp.o
[ 87%] Building CXX object src/CMakeFiles/llama.dir/models/rnd1.cpp.o
[ 87%] Building CXX object src/CMakeFiles/llama.dir/models/rwkv6-base.cpp.o
[ 87%] Building CXX object src/CMakeFiles/llama.dir/models/rwkv6.cpp.o
[ 87%] Building CXX object src/CMakeFiles/llama.dir/models/rwkv6qwen2.cpp.o
[ 87%] Building CXX object src/CMakeFiles/llama.dir/models/rwkv7-base.cpp.o
[ 89%] Building CXX object src/CMakeFiles/llama.dir/models/rwkv7.cpp.o
[ 89%] Building CXX object src/CMakeFiles/llama.dir/models/seed-oss.cpp.o
[ 89%] Building CXX object src/CMakeFiles/llama.dir/models/smallthinker.cpp.o
[ 89%] Building CXX object src/CMakeFiles/llama.dir/models/smollm3.cpp.o
[ 89%] Building CXX object src/CMakeFiles/llama.dir/models/stablelm.cpp.o
[ 89%] Building CXX object src/CMakeFiles/llama.dir/models/starcoder.cpp.o
[ 89%] Building CXX object src/CMakeFiles/llama.dir/models/starcoder2.cpp.o
[ 91%] Building CXX object src/CMakeFiles/llama.dir/models/step35.cpp.o
[ 91%] Building CXX object src/CMakeFiles/llama.dir/models/t5.cpp.o
[ 91%] Building CXX object src/CMakeFiles/llama.dir/models/t5encoder.cpp.o
[ 91%] Building CXX object src/CMakeFiles/llama.dir/models/talkie.cpp.o
[ 91%] Building CXX object src/CMakeFiles/llama.dir/models/wavtokenizer-dec.cpp.o
[ 91%] Building CXX object src/CMakeFiles/llama.dir/models/xverse.cpp.o
[ 91%] Linking CXX shared library ../bin/libllama.so
[ 91%] Built target llama
[ 93%] Building CXX object common/CMakeFiles/llama-common.dir/chat-auto-parser-helpers.cpp.o
[ 93%] Building CXX object common/CMakeFiles/llama-common.dir/chat-diff-analyzer.cpp.o
[ 93%] Building CXX object common/CMakeFiles/llama-common.dir/chat-peg-parser.cpp.o
[ 93%] Building CXX object common/CMakeFiles/llama-common.dir/chat.cpp.o
[ 93%] Building CXX object common/CMakeFiles/llama-common.dir/chat-auto-parser-generator.cpp.o
[ 93%] Building CXX object common/CMakeFiles/llama-common.dir/arg.cpp.o
[ 93%] Building CXX object common/CMakeFiles/llama-common.dir/console.cpp.o
[ 93%] Building CXX object common/CMakeFiles/llama-common.dir/common.cpp.o
[ 93%] Building CXX object common/CMakeFiles/llama-common.dir/debug.cpp.o
[ 93%] Building CXX object common/CMakeFiles/llama-common.dir/download.cpp.o
[ 93%] Building CXX object common/CMakeFiles/llama-common.dir/fit.cpp.o
[ 94%] Building CXX object common/CMakeFiles/llama-common.dir/hf-cache.cpp.o
[ 94%] Building CXX object common/CMakeFiles/llama-common.dir/imatrix-loader.cpp.o
[ 94%] Building CXX object common/CMakeFiles/llama-common.dir/json-schema-to-grammar.cpp.o
[ 94%] Building CXX object common/CMakeFiles/llama-common.dir/json.cpp.o
[ 94%] Building CXX object common/CMakeFiles/llama-common.dir/kv-mean-center.cpp.o
[ 94%] Building CXX object common/CMakeFiles/llama-common.dir/llguidance.cpp.o
[ 94%] Building CXX object common/CMakeFiles/llama-common.dir/log.cpp.o
[ 96%] Building CXX object common/CMakeFiles/llama-common.dir/ngram-cache.cpp.o
[ 96%] Building CXX object common/CMakeFiles/llama-common.dir/ngram-map.cpp.o
[ 96%] Building CXX object common/CMakeFiles/llama-common.dir/ngram-mod.cpp.o
[ 96%] Building CXX object common/CMakeFiles/llama-common.dir/peg-parser.cpp.o
[ 96%] Building CXX object common/CMakeFiles/llama-common.dir/preset.cpp.o
[ 96%] Building CXX object common/CMakeFiles/llama-common.dir/sampling.cpp.o
[ 96%] Building CXX object common/CMakeFiles/llama-common.dir/reasoning-budget.cpp.o
[ 96%] Building CXX object common/CMakeFiles/llama-common.dir/speculative.cpp.o
[ 98%] Building CXX object common/CMakeFiles/llama-common.dir/subproc.cpp.o
[ 98%] Building CXX object common/CMakeFiles/llama-common.dir/trie.cpp.o
[ 98%] Building CXX object common/CMakeFiles/llama-common.dir/unicode.cpp.o
[ 98%] Building CXX object common/CMakeFiles/llama-common.dir/jinja/lexer.cpp.o
[ 98%] Building CXX object common/CMakeFiles/llama-common.dir/jinja/parser.cpp.o
[ 98%] Building CXX object common/CMakeFiles/llama-common.dir/jinja/runtime.cpp.o
[ 98%] Building CXX object common/CMakeFiles/llama-common.dir/jinja/value.cpp.o
[100%] Building CXX object common/CMakeFiles/llama-common.dir/jinja/string.cpp.o
[100%] Building CXX object common/CMakeFiles/llama-common.dir/jinja/caps.cpp.o
[100%] Building CUDA object common/CMakeFiles/llama-common.dir/dspark-markov.cu.o
[100%] Linking CXX shared library ../bin/libllama-common.so
[100%] Built target llama-common
[100%] Building CXX object tools/llama-bench/CMakeFiles/llama-bench-impl.dir/llama-bench.cpp.o
[100%] Linking CXX shared library ../../bin/libllama-bench-impl.so
[100%] Built target llama-bench-impl
[100%] Building CXX object tools/llama-bench/CMakeFiles/llama-bench.dir/main.cpp.o
[100%] Linking CXX executable ../../bin/llama-bench
[100%] Built target llama-bench
Consolidate compiler generated dependencies of target llama-common-base
Consolidate compiler generated dependencies of target cpp-httplib
Consolidate compiler generated dependencies of target ggml-base
[  0%] Building CXX object vendor/hash/CMakeFiles/vendor-hash.dir/hash.cpp.o
[  0%] Built target cpp-httplib
[  0%] Built target llama-common-base
[  0%] Building CXX object tools/ui/CMakeFiles/llama-ui-embed.dir/embed.cpp.o
[  0%] Building C object vendor/hash/CMakeFiles/vendor-hash.dir/sha256/sha256.c.o
[  0%] Building CXX object vendor/hash/CMakeFiles/vendor-hash.dir/sha1/sha1.c.o
[  0%] Building C object vendor/hash/CMakeFiles/vendor-hash.dir/xxhash/xxhash.c.o
[  1%] Built target ggml-base
Consolidate compiler generated dependencies of target ggml-cpu
[  5%] Built target ggml-cpu
Consolidate compiler generated dependencies of target ggml-cuda
[ 42%] Built target ggml-cuda
Consolidate compiler generated dependencies of target ggml
[ 42%] Built target ggml
Consolidate compiler generated dependencies of target llama
[ 77%] Built target llama
Consolidate compiler generated dependencies of target llama-common
[ 85%] Built target llama-common
[ 86%] Linking CXX static library libvendor-hash.a
[ 86%] Built target vendor-hash
[ 86%] Building CXX object tools/mtmd/CMakeFiles/mtmd.dir/mtmd-audio.cpp.o
[ 86%] Building CXX object tools/mtmd/CMakeFiles/mtmd.dir/mtmd-image.cpp.o
[ 86%] Building CXX object tools/mtmd/CMakeFiles/mtmd.dir/mtmd.cpp.o
[ 86%] Building CXX object tools/mtmd/CMakeFiles/mtmd.dir/mtmd-helper-gen.cpp.o
[ 86%] Building CXX object tools/mtmd/CMakeFiles/mtmd.dir/clip.cpp.o
[ 86%] Building CXX object tools/mtmd/CMakeFiles/mtmd.dir/mtmd-helper.cpp.o
[ 88%] Building CXX object tools/mtmd/CMakeFiles/mtmd.dir/models/cogvlm.cpp.o
[ 88%] Building CXX object tools/mtmd/CMakeFiles/mtmd.dir/models/conformer.cpp.o
[ 88%] Linking CXX executable llama-ui-embed
[ 88%] Built target llama-ui-embed
[ 88%] Provisioning UI assets
-- UI: running npm ci
[ 88%] Building CXX object tools/mtmd/CMakeFiles/mtmd.dir/models/dots3note.cpp.o
[ 88%] Building CXX object tools/mtmd/CMakeFiles/mtmd.dir/models/dotsocr.cpp.o
[ 88%] Building CXX object tools/mtmd/CMakeFiles/mtmd.dir/models/exaone4_5.cpp.o
[ 88%] Building CXX object tools/mtmd/CMakeFiles/mtmd.dir/models/gemma4a.cpp.o
[ 88%] Building CXX object tools/mtmd/CMakeFiles/mtmd.dir/models/gemma4v.cpp.o
[ 89%] Building CXX object tools/mtmd/CMakeFiles/mtmd.dir/models/gemma4ua.cpp.o
[ 89%] Building CXX object tools/mtmd/CMakeFiles/mtmd.dir/models/glm4v.cpp.o
[ 89%] Building CXX object tools/mtmd/CMakeFiles/mtmd.dir/models/gemma4uv.cpp.o
[ 89%] Building CXX object tools/mtmd/CMakeFiles/mtmd.dir/models/granite-speech.cpp.o
[ 89%] Building CXX object tools/mtmd/CMakeFiles/mtmd.dir/models/granite4-vision.cpp.o
[ 89%] Building CXX object tools/mtmd/CMakeFiles/mtmd.dir/models/hunyuanvl.cpp.o
[ 89%] Building CXX object tools/mtmd/CMakeFiles/mtmd.dir/models/internvl.cpp.o
[ 89%] Building CXX object tools/mtmd/CMakeFiles/mtmd.dir/models/kimivl.cpp.o
[ 91%] Building CXX object tools/mtmd/CMakeFiles/mtmd.dir/models/kimik25.cpp.o
[ 91%] Building CXX object tools/mtmd/CMakeFiles/mtmd.dir/models/nemotron-v2-vl.cpp.o
[ 91%] Building CXX object tools/mtmd/CMakeFiles/mtmd.dir/models/muse-glimmer.cpp.o
[ 91%] Building CXX object tools/mtmd/CMakeFiles/mtmd.dir/models/llama4.cpp.o
[ 91%] Building CXX object tools/mtmd/CMakeFiles/mtmd.dir/models/llava.cpp.o
[ 91%] Building CXX object tools/mtmd/CMakeFiles/mtmd.dir/models/minicpmv.cpp.o
[ 91%] Building CXX object tools/mtmd/CMakeFiles/mtmd.dir/models/paddleocr.cpp.o
[ 92%] Building CXX object tools/mtmd/CMakeFiles/mtmd.dir/models/pixtral.cpp.o
[ 92%] Building CXX object tools/mtmd/CMakeFiles/mtmd.dir/models/qwen2vl.cpp.o
[ 92%] Building CXX object tools/mtmd/CMakeFiles/mtmd.dir/models/minimax-m3.cpp.o
[ 92%] Building CXX object tools/mtmd/CMakeFiles/mtmd.dir/models/qwen3vl.cpp.o
[ 92%] Building CXX object tools/mtmd/CMakeFiles/mtmd.dir/models/mimovl.cpp.o
[ 92%] Building CXX object tools/mtmd/CMakeFiles/mtmd.dir/models/qwen3a.cpp.o
[ 92%] Building CXX object tools/mtmd/CMakeFiles/mtmd.dir/models/mimo-audio.cpp.o
[ 92%] Building CXX object tools/mtmd/CMakeFiles/mtmd.dir/models/qwen3tts-spkenc.cpp.o
[ 94%] Building CXX object tools/mtmd/CMakeFiles/mtmd.dir/models/qwen3tts-gen.cpp.o
[ 94%] Building CXX object tools/mtmd/CMakeFiles/mtmd.dir/models/pockettts-seanet.cpp.o
[ 94%] Building CXX object tools/mtmd/CMakeFiles/mtmd.dir/models/pockettts-spkenc.cpp.o
[ 94%] Building CXX object tools/mtmd/CMakeFiles/mtmd.dir/models/pockettts-gen.cpp.o
[ 94%] Building CXX object tools/mtmd/CMakeFiles/mtmd.dir/models/step3vl.cpp.o
[ 94%] Building CXX object tools/mtmd/CMakeFiles/mtmd.dir/models/siglip.cpp.o
[ 94%] Building CXX object tools/mtmd/CMakeFiles/mtmd.dir/models/whisper-enc.cpp.o
[ 95%] Building CXX object tools/mtmd/CMakeFiles/mtmd.dir/models/deepseekocr.cpp.o
[ 95%] Building CXX object tools/mtmd/CMakeFiles/mtmd.dir/models/deepseekocr2.cpp.o
[ 95%] Building CXX object tools/mtmd/CMakeFiles/mtmd.dir/models/mobilenetv5.cpp.o
[ 95%] Building CXX object tools/mtmd/CMakeFiles/mtmd.dir/models/youtuvl.cpp.o
[ 95%] Building CXX object tools/mtmd/CMakeFiles/mtmd.dir/models/yasa2.cpp.o
[ 95%] Building CXX object tools/mtmd/CMakeFiles/mtmd.dir/models/parakeet.cpp.o
[ 95%] Linking CXX shared library ../../bin/libmtmd.so
[ 95%] Built target mtmd
[ 95%] Building CXX object tools/server/CMakeFiles/server-context.dir/server-queue.cpp.o
[ 95%] Building CXX object tools/server/CMakeFiles/server-context.dir/server-common.cpp.o
[ 95%] Building CXX object tools/server/CMakeFiles/server-context.dir/server-chat.cpp.o
[ 97%] Building CXX object tools/server/CMakeFiles/server-context.dir/server-task.cpp.o
[ 97%] Building CXX object tools/server/CMakeFiles/server-context.dir/server-context.cpp.o
[ 97%] Building CXX object tools/server/CMakeFiles/server-context.dir/server-tools.cpp.o
[ 97%] Building CXX object tools/server/CMakeFiles/server-context.dir/server-stream.cpp.o
[ 97%] Building CXX object tools/server/CMakeFiles/server-context.dir/server-mcp.cpp.o
[ 98%] Building CXX object tools/server/CMakeFiles/server-context.dir/server-schema.cpp.o
[ 98%] Linking CXX static library libserver-context.a
[ 98%] Built target server-context

added 1067 packages, and audited 1068 packages in 50s

363 packages are looking for funding
  run `npm fund` for details

17 vulnerabilities (1 low, 10 moderate, 6 high)

To address issues that do not require attention, run:
  npm audit fix

To address all issues, run:
  npm audit fix --force

Run `npm audit` for details.
-- UI: running npm run build, output -> /home/penta/repos/eobonsai/build/llama-sm86/tools/ui/dist

> llama-ui@1.0.0 build
> npm run build-pwa-assets && vite build


> llama-ui@1.0.0 build-pwa-assets
> npx @vite-pwa/assets-generator --root . --config pwa-assets.config.ts && npx @vite-pwa/assets-generator --root . --config pwa-assets-dark.config.ts && node scripts/make-icons-circular.js

Zero Config PWA Assets Generator v1.0.2
◐ Preparing to generate PWA assets...
◐ Resolving instructions...
✔ PWA assets ready to be generated, instructions resolved
◐ Generating PWA assets from static/favicon.svg image
◐ Generating assets for static/favicon.svg...
✔ Generated PNG file: /home/penta/repos/eobonsai/build/llama-sm86/tools/ui/ui-src/static/pwa-64x64.png
✔ Generated PNG file: /home/penta/repos/eobonsai/build/llama-sm86/tools/ui/ui-src/static/pwa-192x192.png
✔ Generated PNG file: /home/penta/repos/eobonsai/build/llama-sm86/tools/ui/ui-src/static/pwa-512x512.png
✔ Generated PNG file: /home/penta/repos/eobonsai/build/llama-sm86/tools/ui/ui-src/static/maskable-icon-512x512.png
✔ Generated PNG file: /home/penta/repos/eobonsai/build/llama-sm86/tools/ui/ui-src/static/apple-touch-icon-180x180.png
✔ Generated ICO file: /home/penta/repos/eobonsai/build/llama-sm86/tools/ui/ui-src/static/favicon.ico
✔ Generated PNG file: /home/penta/repos/eobonsai/build/llama-sm86/tools/ui/ui-src/static/apple-splash-portrait-1170x2532.png
✔ Generated PNG file: /home/penta/repos/eobonsai/build/llama-sm86/tools/ui/ui-src/static/apple-splash-landscape-2532x1170.png
✔ Generated PNG file: /home/penta/repos/eobonsai/build/llama-sm86/tools/ui/ui-src/static/apple-splash-landscape-2778x1284.png
✔ Generated PNG file: /home/penta/repos/eobonsai/build/llama-sm86/tools/ui/ui-src/static/apple-splash-portrait-1284x2778.png
✔ Generated PNG file: /home/penta/repos/eobonsai/build/llama-sm86/tools/ui/ui-src/static/apple-splash-portrait-1179x2556.png
✔ Generated PNG file: /home/penta/repos/eobonsai/build/llama-sm86/tools/ui/ui-src/static/apple-splash-portrait-1290x2796.png
✔ Generated PNG file: /home/penta/repos/eobonsai/build/llama-sm86/tools/ui/ui-src/static/apple-splash-landscape-2556x1179.png
✔ Generated PNG file: /home/penta/repos/eobonsai/build/llama-sm86/tools/ui/ui-src/static/apple-splash-landscape-2796x1290.png
✔ Generated PNG file: /home/penta/repos/eobonsai/build/llama-sm86/tools/ui/ui-src/static/apple-splash-portrait-640x1136.png
✔ Generated PNG file: /home/penta/repos/eobonsai/build/llama-sm86/tools/ui/ui-src/static/apple-splash-portrait-1206x2622.png
✔ Generated PNG file: /home/penta/repos/eobonsai/build/llama-sm86/tools/ui/ui-src/static/apple-splash-landscape-2622x1206.png
✔ Generated PNG file: /home/penta/repos/eobonsai/build/llama-sm86/tools/ui/ui-src/static/apple-splash-portrait-750x1334.png
✔ Generated PNG file: /home/penta/repos/eobonsai/build/llama-sm86/tools/ui/ui-src/static/apple-splash-landscape-2868x1320.png
✔ Generated PNG file: /home/penta/repos/eobonsai/build/llama-sm86/tools/ui/ui-src/static/apple-splash-landscape-1136x640.png
✔ Generated PNG file: /home/penta/repos/eobonsai/build/llama-sm86/tools/ui/ui-src/static/apple-splash-landscape-1334x750.png
✔ Generated PNG file: /home/penta/repos/eobonsai/build/llama-sm86/tools/ui/ui-src/static/apple-splash-portrait-1320x2868.png
✔ Generated PNG file: /home/penta/repos/eobonsai/build/llama-sm86/tools/ui/ui-src/static/apple-splash-portrait-1640x2360.png
✔ Generated PNG file: /home/penta/repos/eobonsai/build/llama-sm86/tools/ui/ui-src/static/apple-splash-landscape-2360x1640.png
✔ Generated PNG file: /home/penta/repos/eobonsai/build/llama-sm86/tools/ui/ui-src/static/apple-splash-portrait-1668x2388.png
✔ Generated PNG file: /home/penta/repos/eobonsai/build/llama-sm86/tools/ui/ui-src/static/apple-splash-portrait-2048x2732.png
✔ Generated PNG file: /home/penta/repos/eobonsai/build/llama-sm86/tools/ui/ui-src/static/apple-splash-portrait-1488x2266.png
✔ Generated PNG file: /home/penta/repos/eobonsai/build/llama-sm86/tools/ui/ui-src/static/apple-splash-landscape-2388x1668.png
✔ Generated PNG file: /home/penta/repos/eobonsai/build/llama-sm86/tools/ui/ui-src/static/apple-splash-landscape-2732x2048.png
✔ Generated PNG file: /home/penta/repos/eobonsai/build/llama-sm86/tools/ui/ui-src/static/apple-splash-portrait-dark-1170x2532.png
✔ Generated PNG file: /home/penta/repos/eobonsai/build/llama-sm86/tools/ui/ui-src/static/apple-splash-landscape-2266x1488.png
✔ Generated PNG file: /home/penta/repos/eobonsai/build/llama-sm86/tools/ui/ui-src/static/apple-splash-landscape-dark-2532x1170.png
✔ Generated PNG file: /home/penta/repos/eobonsai/build/llama-sm86/tools/ui/ui-src/static/apple-splash-portrait-dark-1179x2556.png
✔ Generated PNG file: /home/penta/repos/eobonsai/build/llama-sm86/tools/ui/ui-src/static/apple-splash-portrait-dark-1284x2778.png
✔ Generated PNG file: /home/penta/repos/eobonsai/build/llama-sm86/tools/ui/ui-src/static/apple-splash-landscape-dark-2778x1284.png
✔ Generated PNG file: /home/penta/repos/eobonsai/build/llama-sm86/tools/ui/ui-src/static/apple-splash-landscape-dark-2556x1179.png
✔ Generated PNG file: /home/penta/repos/eobonsai/build/llama-sm86/tools/ui/ui-src/static/apple-splash-portrait-dark-1290x2796.png
✔ Generated PNG file: /home/penta/repos/eobonsai/build/llama-sm86/tools/ui/ui-src/static/apple-splash-portrait-dark-640x1136.png
✔ Generated PNG file: /home/penta/repos/eobonsai/build/llama-sm86/tools/ui/ui-src/static/apple-splash-landscape-dark-1136x640.png
✔ Generated PNG file: /home/penta/repos/eobonsai/build/llama-sm86/tools/ui/ui-src/static/apple-splash-portrait-dark-1206x2622.png
✔ Generated PNG file: /home/penta/repos/eobonsai/build/llama-sm86/tools/ui/ui-src/static/apple-splash-landscape-dark-2622x1206.png
✔ Generated PNG file: /home/penta/repos/eobonsai/build/llama-sm86/tools/ui/ui-src/static/apple-splash-landscape-dark-2796x1290.png
✔ Generated PNG file: /home/penta/repos/eobonsai/build/llama-sm86/tools/ui/ui-src/static/apple-splash-portrait-dark-750x1334.png
✔ Generated PNG file: /home/penta/repos/eobonsai/build/llama-sm86/tools/ui/ui-src/static/apple-splash-landscape-dark-1334x750.png
✔ Generated PNG file: /home/penta/repos/eobonsai/build/llama-sm86/tools/ui/ui-src/static/apple-splash-landscape-dark-2868x1320.png
✔ Generated PNG file: /home/penta/repos/eobonsai/build/llama-sm86/tools/ui/ui-src/static/apple-splash-portrait-dark-1320x2868.png
✔ Generated PNG file: /home/penta/repos/eobonsai/build/llama-sm86/tools/ui/ui-src/static/apple-splash-landscape-dark-2360x1640.png
✔ Generated PNG file: /home/penta/repos/eobonsai/build/llama-sm86/tools/ui/ui-src/static/apple-splash-portrait-dark-1640x2360.png
✔ Generated PNG file: /home/penta/repos/eobonsai/build/llama-sm86/tools/ui/ui-src/static/apple-splash-portrait-dark-1488x2266.png
✔ Generated PNG file: /home/penta/repos/eobonsai/build/llama-sm86/tools/ui/ui-src/static/apple-splash-portrait-dark-1668x2388.png
✔ Generated PNG file: /home/penta/repos/eobonsai/build/llama-sm86/tools/ui/ui-src/static/apple-splash-portrait-dark-2048x2732.png
✔ Generated PNG file: /home/penta/repos/eobonsai/build/llama-sm86/tools/ui/ui-src/static/apple-splash-landscape-dark-2732x2048.png
✔ Generated PNG file: /home/penta/repos/eobonsai/build/llama-sm86/tools/ui/ui-src/static/apple-splash-landscape-dark-2266x1488.png
✔ Generated PNG file: /home/penta/repos/eobonsai/build/llama-sm86/tools/ui/ui-src/static/apple-splash-landscape-dark-2388x1668.png
✔ Assets generated for static/favicon.svg
◐ Generating Html Head Links...
<link rel="icon" href="/favicon.ico" sizes="48x48">
<link rel="icon" href="/favicon.svg" sizes="any" type="image/svg+xml">
<link rel="apple-touch-icon" href="/apple-touch-icon-180x180.png">
<link rel="apple-touch-startup-image" media="screen and (device-width: 390px) and (device-height: 844px) and (-webkit-device-pixel-ratio: 3) and (orientation: portrait)" href="./apple-splash-portrait-1170x2532.png">
<link rel="apple-touch-startup-image" media="screen and (device-width: 390px) and (device-height: 844px) and (-webkit-device-pixel-ratio: 3) and (orientation: landscape)" href="./apple-splash-landscape-2532x1170.png">
<link rel="apple-touch-startup-image" media="screen and (prefers-color-scheme: dark) and (device-width: 390px) and (device-height: 844px) and (-webkit-device-pixel-ratio: 3) and (orientation: portrait)" href="./apple-splash-portrait-dark-1170x2532.png">
<link rel="apple-touch-startup-image" media="screen and (prefers-color-scheme: dark) and (device-width: 390px) and (device-height: 844px) and (-webkit-device-pixel-ratio: 3) and (orientation: landscape)" href="./apple-splash-landscape-dark-2532x1170.png">
<link rel="apple-touch-startup-image" media="screen and (device-width: 428px) and (device-height: 926px) and (-webkit-device-pixel-ratio: 3) and (orientation: portrait)" href="./apple-splash-portrait-1284x2778.png">
<link rel="apple-touch-startup-image" media="screen and (device-width: 428px) and (device-height: 926px) and (-webkit-device-pixel-ratio: 3) and (orientation: landscape)" href="./apple-splash-landscape-2778x1284.png">
<link rel="apple-touch-startup-image" media="screen and (prefers-color-scheme: dark) and (device-width: 428px) and (device-height: 926px) and (-webkit-device-pixel-ratio: 3) and (orientation: portrait)" href="./apple-splash-portrait-dark-1284x2778.png">
<link rel="apple-touch-startup-image" media="screen and (prefers-color-scheme: dark) and (device-width: 428px) and (device-height: 926px) and (-webkit-device-pixel-ratio: 3) and (orientation: landscape)" href="./apple-splash-landscape-dark-2778x1284.png">
<link rel="apple-touch-startup-image" media="screen and (device-width: 393px) and (device-height: 852px) and (-webkit-device-pixel-ratio: 3) and (orientation: portrait)" href="./apple-splash-portrait-1179x2556.png">
<link rel="apple-touch-startup-image" media="screen and (device-width: 393px) and (device-height: 852px) and (-webkit-device-pixel-ratio: 3) and (orientation: landscape)" href="./apple-splash-landscape-2556x1179.png">
<link rel="apple-touch-startup-image" media="screen and (prefers-color-scheme: dark) and (device-width: 393px) and (device-height: 852px) and (-webkit-device-pixel-ratio: 3) and (orientation: portrait)" href="./apple-splash-portrait-dark-1179x2556.png">
<link rel="apple-touch-startup-image" media="screen and (prefers-color-scheme: dark) and (device-width: 393px) and (device-height: 852px) and (-webkit-device-pixel-ratio: 3) and (orientation: landscape)" href="./apple-splash-landscape-dark-2556x1179.png">
<link rel="apple-touch-startup-image" media="screen and (device-width: 430px) and (device-height: 932px) and (-webkit-device-pixel-ratio: 3) and (orientation: portrait)" href="./apple-splash-portrait-1290x2796.png">
<link rel="apple-touch-startup-image" media="screen and (device-width: 430px) and (device-height: 932px) and (-webkit-device-pixel-ratio: 3) and (orientation: landscape)" href="./apple-splash-landscape-2796x1290.png">
<link rel="apple-touch-startup-image" media="screen and (prefers-color-scheme: dark) and (device-width: 430px) and (device-height: 932px) and (-webkit-device-pixel-ratio: 3) and (orientation: portrait)" href="./apple-splash-portrait-dark-1290x2796.png">
<link rel="apple-touch-startup-image" media="screen and (prefers-color-scheme: dark) and (device-width: 430px) and (device-height: 932px) and (-webkit-device-pixel-ratio: 3) and (orientation: landscape)" href="./apple-splash-landscape-dark-2796x1290.png">
<link rel="apple-touch-startup-image" media="screen and (device-width: 402px) and (device-height: 874px) and (-webkit-device-pixel-ratio: 3) and (orientation: portrait)" href="./apple-splash-portrait-1206x2622.png">
<link rel="apple-touch-startup-image" media="screen and (device-width: 402px) and (device-height: 874px) and (-webkit-device-pixel-ratio: 3) and (orientation: landscape)" href="./apple-splash-landscape-2622x1206.png">
<link rel="apple-touch-startup-image" media="screen and (prefers-color-scheme: dark) and (device-width: 402px) and (device-height: 874px) and (-webkit-device-pixel-ratio: 3) and (orientation: portrait)" href="./apple-splash-portrait-dark-1206x2622.png">
<link rel="apple-touch-startup-image" media="screen and (prefers-color-scheme: dark) and (device-width: 402px) and (device-height: 874px) and (-webkit-device-pixel-ratio: 3) and (orientation: landscape)" href="./apple-splash-landscape-dark-2622x1206.png">
<link rel="apple-touch-startup-image" media="screen and (device-width: 440px) and (device-height: 956px) and (-webkit-device-pixel-ratio: 3) and (orientation: portrait)" href="./apple-splash-portrait-1320x2868.png">
<link rel="apple-touch-startup-image" media="screen and (device-width: 440px) and (device-height: 956px) and (-webkit-device-pixel-ratio: 3) and (orientation: landscape)" href="./apple-splash-landscape-2868x1320.png">
<link rel="apple-touch-startup-image" media="screen and (prefers-color-scheme: dark) and (device-width: 440px) and (device-height: 956px) and (-webkit-device-pixel-ratio: 3) and (orientation: portrait)" href="./apple-splash-portrait-dark-1320x2868.png">
<link rel="apple-touch-startup-image" media="screen and (prefers-color-scheme: dark) and (device-width: 440px) and (device-height: 956px) and (-webkit-device-pixel-ratio: 3) and (orientation: landscape)" href="./apple-splash-landscape-dark-2868x1320.png">
<link rel="apple-touch-startup-image" media="screen and (device-width: 320px) and (device-height: 568px) and (-webkit-device-pixel-ratio: 2) and (orientation: portrait)" href="./apple-splash-portrait-640x1136.png">
<link rel="apple-touch-startup-image" media="screen and (device-width: 320px) and (device-height: 568px) and (-webkit-device-pixel-ratio: 2) and (orientation: landscape)" href="./apple-splash-landscape-1136x640.png">
<link rel="apple-touch-startup-image" media="screen and (prefers-color-scheme: dark) and (device-width: 320px) and (device-height: 568px) and (-webkit-device-pixel-ratio: 2) and (orientation: portrait)" href="./apple-splash-portrait-dark-640x1136.png">
<link rel="apple-touch-startup-image" media="screen and (prefers-color-scheme: dark) and (device-width: 320px) and (device-height: 568px) and (-webkit-device-pixel-ratio: 2) and (orientation: landscape)" href="./apple-splash-landscape-dark-1136x640.png">
<link rel="apple-touch-startup-image" media="screen and (device-width: 375px) and (device-height: 667px) and (-webkit-device-pixel-ratio: 2) and (orientation: portrait)" href="./apple-splash-portrait-750x1334.png">
<link rel="apple-touch-startup-image" media="screen and (device-width: 375px) and (device-height: 667px) and (-webkit-device-pixel-ratio: 2) and (orientation: landscape)" href="./apple-splash-landscape-1334x750.png">
<link rel="apple-touch-startup-image" media="screen and (prefers-color-scheme: dark) and (device-width: 375px) and (device-height: 667px) and (-webkit-device-pixel-ratio: 2) and (orientation: portrait)" href="./apple-splash-portrait-dark-750x1334.png">
<link rel="apple-touch-startup-image" media="screen and (prefers-color-scheme: dark) and (device-width: 375px) and (device-height: 667px) and (-webkit-device-pixel-ratio: 2) and (orientation: landscape)" href="./apple-splash-landscape-dark-1334x750.png">
<link rel="apple-touch-startup-image" media="screen and (device-width: 820px) and (device-height: 1180px) and (-webkit-device-pixel-ratio: 2) and (orientation: portrait)" href="./apple-splash-portrait-1640x2360.png">
<link rel="apple-touch-startup-image" media="screen and (device-width: 820px) and (device-height: 1180px) and (-webkit-device-pixel-ratio: 2) and (orientation: landscape)" href="./apple-splash-landscape-2360x1640.png">
<link rel="apple-touch-startup-image" media="screen and (prefers-color-scheme: dark) and (device-width: 820px) and (device-height: 1180px) and (-webkit-device-pixel-ratio: 2) and (orientation: portrait)" href="./apple-splash-portrait-dark-1640x2360.png">
<link rel="apple-touch-startup-image" media="screen and (prefers-color-scheme: dark) and (device-width: 820px) and (device-height: 1180px) and (-webkit-device-pixel-ratio: 2) and (orientation: landscape)" href="./apple-splash-landscape-dark-2360x1640.png">
<link rel="apple-touch-startup-image" media="screen and (device-width: 1024px) and (device-height: 1366px) and (-webkit-device-pixel-ratio: 2) and (orientation: portrait)" href="./apple-splash-portrait-2048x2732.png">
<link rel="apple-touch-startup-image" media="screen and (device-width: 1024px) and (device-height: 1366px) and (-webkit-device-pixel-ratio: 2) and (orientation: landscape)" href="./apple-splash-landscape-2732x2048.png">
<link rel="apple-touch-startup-image" media="screen and (prefers-color-scheme: dark) and (device-width: 1024px) and (device-height: 1366px) and (-webkit-device-pixel-ratio: 2) and (orientation: portrait)" href="./apple-splash-portrait-dark-2048x2732.png">
<link rel="apple-touch-startup-image" media="screen and (prefers-color-scheme: dark) and (device-width: 1024px) and (device-height: 1366px) and (-webkit-device-pixel-ratio: 2) and (orientation: landscape)" href="./apple-splash-landscape-dark-2732x2048.png">
<link rel="apple-touch-startup-image" media="screen and (device-width: 834px) and (device-height: 1194px) and (-webkit-device-pixel-ratio: 2) and (orientation: portrait)" href="./apple-splash-portrait-1668x2388.png">
<link rel="apple-touch-startup-image" media="screen and (device-width: 834px) and (device-height: 1194px) and (-webkit-device-pixel-ratio: 2) and (orientation: landscape)" href="./apple-splash-landscape-2388x1668.png">
<link rel="apple-touch-startup-image" media="screen and (prefers-color-scheme: dark) and (device-width: 834px) and (device-height: 1194px) and (-webkit-device-pixel-ratio: 2) and (orientation: portrait)" href="./apple-splash-portrait-dark-1668x2388.png">
<link rel="apple-touch-startup-image" media="screen and (prefers-color-scheme: dark) and (device-width: 834px) and (device-height: 1194px) and (-webkit-device-pixel-ratio: 2) and (orientation: landscape)" href="./apple-splash-landscape-dark-2388x1668.png">
<link rel="apple-touch-startup-image" media="screen and (device-width: 744px) and (device-height: 1133px) and (-webkit-device-pixel-ratio: 2) and (orientation: portrait)" href="./apple-splash-portrait-1488x2266.png">
<link rel="apple-touch-startup-image" media="screen and (device-width: 744px) and (device-height: 1133px) and (-webkit-device-pixel-ratio: 2) and (orientation: landscape)" href="./apple-splash-landscape-2266x1488.png">
<link rel="apple-touch-startup-image" media="screen and (prefers-color-scheme: dark) and (device-width: 744px) and (device-height: 1133px) and (-webkit-device-pixel-ratio: 2) and (orientation: portrait)" href="./apple-splash-portrait-dark-1488x2266.png">
<link rel="apple-touch-startup-image" media="screen and (prefers-color-scheme: dark) and (device-width: 744px) and (device-height: 1133px) and (-webkit-device-pixel-ratio: 2) and (orientation: landscape)" href="./apple-splash-landscape-dark-2266x1488.png">
✔ Html Head Links generated
◐ Generating PWA web manifest icons entry...
{
  "icons": [
    {
      "src": "pwa-64x64.png",
      "sizes": "64x64",
      "type": "image/png"
    },
    {
      "src": "pwa-192x192.png",
      "sizes": "192x192",
      "type": "image/png"
    },
    {
      "src": "pwa-512x512.png",
      "sizes": "512x512",
      "type": "image/png"
    },
    {
      "src": "maskable-icon-512x512.png",
      "sizes": "512x512",
      "type": "image/png",
      "purpose": "maskable"
    }
  ]
}
✔ PWA web manifest icons entry generated
✔ PWA assets generated
Zero Config PWA Assets Generator v1.0.2
◐ Preparing to generate PWA assets...
◐ Resolving instructions...
✔ PWA assets ready to be generated, instructions resolved
◐ Generating PWA assets from static/favicon-dark.svg image
◐ Generating assets for static/favicon-dark.svg...
✔ Generated ICO file: /home/penta/repos/eobonsai/build/llama-sm86/tools/ui/ui-src/static/favicon-dark.ico
✔ Assets generated for static/favicon-dark.svg
◐ Generating Html Head Links...
<link rel="icon" href="/favicon-dark.ico" sizes="48x48">
<link rel="icon" href="/favicon-dark.svg" sizes="any" type="image/svg+xml">
✔ Html Head Links generated
◐ Generating PWA web manifest icons entry...
{
  "icons": []
}
✔ PWA web manifest icons entry generated
✔ PWA assets generated
Circular mask: 0% padding, 85% scale, source=maskable-icon-512x512.png

✓ pwa-64x64.png → circle from maskable-icon-512x512.png, 0% padding (size=64, r=32, scale=85%, circleDiameter=64)
✓ pwa-192x192.png → circle from maskable-icon-512x512.png, 0% padding (size=192, r=96, scale=85%, circleDiameter=192)
✓ pwa-512x512.png → circle from maskable-icon-512x512.png, 0% padding (size=512, r=256, scale=85%, circleDiameter=512)

Unchanged:
  maskable-icon-512x512.png (1894 bytes)
  apple-touch-icon-180x180.png (806 bytes)
vite v7.3.6 building ssr environment for production...
transforming...
✓ 5314 modules transformed.
rendering chunks...
vite v7.3.6 building client environment for production...
transforming...
✓ 8382 modules transformed.
rendering chunks...
computing gzip size...
.svelte-kit/output/client/_app/version.json                              0.03 kB │ gzip:     0.05 kB
.svelte-kit/output/client/.vite/manifest.json                            0.30 kB │ gzip:     0.18 kB
.svelte-kit/output/client/manifest.webmanifest                           0.52 kB
.svelte-kit/output/client/_app/immutable/assets/bundle.CsYLz1sd.css    542.30 kB │ gzip:   292.43 kB
.svelte-kit/output/client/_app/immutable/bundle.uPpsPWTy.js          8,854.97 kB │ gzip: 2,612.38 kB
✓ built in 26.12s
Relativized base refs in index.html and sw.js
.svelte-kit/output/server/.vite/manifest.json                                                         15.52 kB
.svelte-kit/output/server/_app/immutable/assets/_page.CV-KWLNP.css                                     0.29 kB
.svelte-kit/output/server/_app/immutable/assets/dialog-description.bHHIbcsu.css                        0.35 kB
.svelte-kit/output/server/_app/immutable/assets/_layout.ApMZMbnm.css                                 150.77 kB
.svelte-kit/output/server/_app/immutable/assets/SidebarNavigationConversationItem.DihI6Xld.css       390.24 kB
.svelte-kit/output/server/chunks/app.constants.js                                                      0.07 kB
.svelte-kit/output/server/chunks/internal.js                                                           0.07 kB
.svelte-kit/output/server/env.js                                                                       0.15 kB
.svelte-kit/output/server/chunks/server.js                                                             0.20 kB
.svelte-kit/output/server/chunks/arrow-right.js                                                        0.22 kB
.svelte-kit/output/server/chunks/ui.svelte.js                                                          0.32 kB
.svelte-kit/output/server/chunks/pencil.js                                                             0.33 kB
.svelte-kit/output/server/chunks/refresh-cw.js                                                         0.35 kB
.svelte-kit/output/server/internal.js                                                                  0.37 kB
.svelte-kit/output/server/chunks/keyboard.enums.js                                                     0.38 kB
.svelte-kit/output/server/chunks/card.js                                                               0.45 kB
.svelte-kit/output/server/chunks/api-key-validation.js                                                 0.46 kB
.svelte-kit/output/server/chunks/init.js                                                               0.48 kB
.svelte-kit/output/server/chunks/index.js                                                              0.50 kB
.svelte-kit/output/server/chunks/utils2.js                                                             0.60 kB
.svelte-kit/output/server/entries/pages/(chat)/_page.ts.js                                             0.62 kB
.svelte-kit/output/server/chunks/use-marquee-selection.svelte.js                                       0.65 kB
.svelte-kit/output/server/entries/pages/(chat)/chat/_id_/_page.ts.js                                   0.66 kB
.svelte-kit/output/server/entries/pages/settings/_layout.svelte.js                                     0.88 kB
.svelte-kit/output/server/chunks/TruncatedText.js                                                      0.98 kB
.svelte-kit/output/server/entries/pages/(chat)/_page.svelte.js                                         1.08 kB
.svelte-kit/output/server/entries/pages/(chat)/chat/_id_/_page.svelte.js                               1.17 kB
.svelte-kit/output/server/chunks/alert-dialog-cancel.js                                                1.29 kB
.svelte-kit/output/server/chunks/label.js                                                              1.56 kB
.svelte-kit/output/server/chunks/ActionIcon.js                                                         1.57 kB
.svelte-kit/output/server/chunks/input.js                                                              1.67 kB
.svelte-kit/output/server/entries/pages/search/_page.svelte.js                                         2.02 kB
.svelte-kit/output/server/chunks/DialogConfirmation.js                                                 2.43 kB
.svelte-kit/output/server/chunks/exports.js                                                            2.56 kB
.svelte-kit/output/server/chunks/DialogModelNotAvailable.js                                            2.74 kB
.svelte-kit/output/server/chunks/internal2.js                                                          2.83 kB
.svelte-kit/output/server/chunks/SidebarNavigationSearchResults.js                                     5.23 kB
.svelte-kit/output/server/chunks/workbox-window.prod.es5.js                                            5.75 kB
.svelte-kit/output/server/chunks/dialog-footer.js                                                      5.77 kB
.svelte-kit/output/server/chunks/index2.js                                                             6.85 kB
.svelte-kit/output/server/entries/pages/_error.svelte.js                                               8.21 kB
.svelte-kit/output/server/chunks/SearchInput.js                                                        8.52 kB
.svelte-kit/output/server/chunks/index3.js                                                            12.07 kB
.svelte-kit/output/server/chunks/utils.js                                                             15.02 kB
.svelte-kit/output/server/chunks/popper-layer-force-mount.js                                          15.45 kB
.svelte-kit/output/server/remote-entry.js                                                             15.69 kB
.svelte-kit/output/server/chunks/index4.js                                                            21.71 kB
.svelte-kit/output/server/chunks/dialog-description.js                                                26.89 kB
.svelte-kit/output/server/entries/pages/mcp-servers/_page.svelte.js                                   33.49 kB
.svelte-kit/output/server/entries/pages/_layout.svelte.js                                             40.32 kB
.svelte-kit/output/server/chunks/root.js                                                              41.41 kB
.svelte-kit/output/server/chunks/index.svelte.js                                                      41.90 kB
.svelte-kit/output/server/index.js                                                                    57.22 kB
.svelte-kit/output/server/chunks/uuid.js                                                              70.24 kB
.svelte-kit/output/server/entries/pages/settings/__section__/_page.svelte.js                          74.88 kB
.svelte-kit/output/server/chunks/SidebarNavigationConversationItem.svelte_svelte_type_style_lang.js  208.43 kB
.svelte-kit/output/server/entries/pages/(chat)/_layout.svelte.js                                     352.42 kB
.svelte-kit/output/server/chunks/_virtual_nerdamer.js                                                483.95 kB
✓ built in 42.24s

PWA v1.3.0
mode      generateSW
precache  67 entries (9610.77 KiB)
files generated
  .svelte-kit/output/server/sw.js
  .svelte-kit/output/server/workbox-b3c04f83.js

Run npm run preview to preview your production build locally.

> Using @sveltejs/adapter-static
Overwriting /home/penta/repos/eobonsai/build/llama-sm86/tools/ui/dist/index.html with fallback page. Consider using a different name for the fallback.
  Wrote site to "/home/penta/repos/eobonsai/build/llama-sm86/tools/ui/dist"
  ✔ done
Generated 48 apple-splash link tags
Updated index.html
Created build.json (version: 1)
Relativized base refs in index.html and sw.js
-- UI: npm build succeeded
-- UI: gzip compression applied (/home/penta/repos/eobonsai/build/llama-sm86/tools/ui/dist/_gzip)
embed: write output file /home/penta/repos/eobonsai/build/llama-sm86/tools/ui/ui.h
embed: write output file /home/penta/repos/eobonsai/build/llama-sm86/tools/ui/ui.cpp
[ 98%] Built target llama-ui-assets
[ 98%] Building CXX object tools/ui/CMakeFiles/llama-ui.dir/ui.cpp.o
[ 98%] Linking CXX static library libllama-ui.a
[ 98%] Built target llama-ui
[ 98%] Building CXX object tools/server/CMakeFiles/llama-server-impl.dir/server-http.cpp.o
[ 98%] Building CXX object tools/server/CMakeFiles/llama-server-impl.dir/server-models.cpp.o
[ 98%] Building CXX object tools/server/CMakeFiles/llama-server-impl.dir/server.cpp.o
[ 98%] Linking CXX shared library ../../bin/libllama-server-impl.so
[ 98%] Built target llama-server-impl
[100%] Building CXX object tools/cli/CMakeFiles/llama-cli-impl.dir/cli-context.cpp.o
[100%] Building CXX object tools/cli/CMakeFiles/llama-cli-impl.dir/cli.cpp.o
[100%] Building CXX object tools/cli/CMakeFiles/llama-cli-impl.dir/cli-client.cpp.o
[100%] Linking CXX shared library ../../bin/libllama-cli-impl.so
[100%] Built target llama-cli-impl
[100%] Building CXX object tools/cli/CMakeFiles/llama-cli.dir/main.cpp.o
[100%] Linking CXX executable ../../bin/llama-cli
[100%] Built target llama-cli
Consolidate compiler generated dependencies of target vendor-hash
Consolidate compiler generated dependencies of target llama-ui-embed
[  0%] Built target llama-common-base
[  1%] Built target vendor-hash
[  2%] Built target ggml-base
[  2%] Built target llama-ui-embed
[  2%] Built target cpp-httplib
[  2%] Provisioning UI assets
[  7%] Built target ggml-cpu
-- UI: npm output up-to-date, skipping build
[ 44%] Built target ggml-cuda
[ 44%] Built target ggml
[ 79%] Built target llama
[ 86%] Built target llama-common
Consolidate compiler generated dependencies of target mtmd
[ 95%] Built target mtmd
Consolidate compiler generated dependencies of target server-context
[ 98%] Built target server-context
-- UI: gzip compression applied (/home/penta/repos/eobonsai/build/llama-sm86/tools/ui/dist/_gzip)
[ 98%] Built target llama-ui-assets
Consolidate compiler generated dependencies of target llama-ui
[ 98%] Built target llama-ui
Consolidate compiler generated dependencies of target llama-server-impl
[ 98%] Built target llama-server-impl
[100%] Building CXX object tools/server/CMakeFiles/llama-server.dir/main.cpp.o
[100%] Linking CXX executable ../../bin/llama-server
[100%] Built target llama-server
[build] binaries: /home/penta/repos/eobonsai/build/llama-sm86/bin
libggml-base.so
libggml-base.so.0
libggml-base.so.0.21.0
libggml-cpu.so
libggml-cpu.so.0
libggml-cpu.so.0.21.0
libggml-cuda.so
libggml-cuda.so.0
libggml-cuda.so.0.21.0
libggml.so
libggml.so.0
libggml.so.0.21.0
libllama-bench-impl.so
libllama-cli-impl.so
libllama-common.so
libllama-common.so.0
libllama-common.so.0.2.0
libllama-server-impl.so
libllama.so
libllama.so.0
[build] done
